583470800116383748,4121,Administrator,,2,4113
583470800615505924,4181,uasc,,2,4104
583470800619700224,4180,ktms,,2,4104
583470800619700225,4179,oracle,,2,4104
583470800619700226,4178,test,,2,4104
583470800619700227,4177,sync,,2,4104
583470800619700228,4111,root,,1,4104
583470800791666690,15788,administrator,,2,15622
583470800862969859,15889,root,,1,15616
583470800917495811,15614,root,,1,15609
583470801005576193,15550,root,,1,15542
583470801127211008,15691,test,,2,15526
583470801127211009,15606,root,,1,15526
583470801181736961,12853,root,,2,12851
583470801232068609,13751,administrator,,2,11141
583470801332731906,14226,administrator,,2,11132
583470801399840770,15189,administrator,,2,11114
583470801471143938,15097,xunjian,,2,11111
583470801471143939,15096,administrator,,2,11111
583470801517281282,13760,administrator,,2,11108
583470801559224322,15086,administrator,,2,11078
583470801601167361,15099,administrator,,2,11066
583470801651499010,14780,administrator,,2,11018
583470801693442050,14821,administrator,,2,11015
583470801726996483,14541,was,,2,10772
583470801726996484,14540,view,,2,10772
583470801726996485,14539,sudoroot,,2,10772
583470801726996486,14538,root,,2,10772
583470801773133827,13118,view,,2,10748
583470801773133828,13117,sudoroot,,2,10748
583470801773133829,13116,root,,2,10748
583470801819271171,15088,root,,2,10180
583470801861214211,14989,root,,2,9596
583470801957683202,15335,HAC_write,,2,8825
583470801957683203,15334,HAC_read,,2,8825
583470801991237634,15333,HAC_write,,2,8822
583470801991237635,15332,HAC_read,,2,8822
583470802138038274,12876,HAC_write,,2,8693
583470802138038275,12875,HAC_read,,2,8693
583470802175787010,12900,HAC_write,,2,8690
583470802175787011,12899,HAC_read,,2,8690
583470802230312962,12878,HAC_write,,2,8678
583470802234507264,12877,HAC_read,,2,8678
583470802272256002,12874,HAC_write,,2,8675
583470802272256003,12873,HAC_read,,2,8675
583470802305810434,14654,HAC_write,,2,8594
583470802305810435,14653,HAC_read,,2,8594
583470802351947778,14642,HAC_write,,2,8591
583470802351947779,14641,HAC_read,,2,8591
583470802393890818,14640,HAC_write,,2,8588
583470802393890819,14639,HAC_read,,2,8588
583470802435833858,14626,HAC_write,,2,8585
583470802435833859,14625,HAC_read,,2,8585
583470802599411714,12880,HAC_write,,2,8453
583470802599411715,12879,HAC_read,,2,8453
583470802674909186,14644,HAC_write,,2,8441
583470802674909187,14643,HAC_read,,2,8441
583470802704269314,14652,HAC_write,,2,8438
583470802704269315,14651,HAC_read,,2,8438
583470802733629442,14648,HAC_write,,2,8435
583470802733629443,14647,HAC_read,,2,8435
583470802767183874,14646,HAC_write,,2,8432
583470802767183875,14645,HAC_read,,2,8432
583470802804932610,14650,HAC_write,,2,8429
583470802804932611,14649,HAC_read,,2,8429
583470802842681346,14638,HAC_write,,2,8426
583470802842681347,14637,HAC_read,,2,8426
583470802872041472,14636,HAC_write,,2,8423
583470802872041473,14635,HAC_read,,2,8423
583470802897207297,14634,HAC_write,,2,8420
583470802897207298,14633,HAC_read,,2,8420
583470802926567426,14632,HAC_write,,2,8417
583470802926567427,14631,HAC_read,,2,8417
583470802964316162,14630,HAC_write,,2,8414
583470802964316163,14629,HAC_read,,2,8414
583470803031425026,14628,HAC_write,,2,8411
583470803031425027,14627,HAC_read,,2,8411
583470803236945922,15317,HAC_write,,2,8615
583470803236945923,15316,HAC_read,,2,8615
583470803283083266,14614,HAC_write,,2,8576
583470803283083267,14613,HAC_read,,2,8576
583470803325026306,14612,HAC_write,,2,8573
583470803325026307,14611,HAC_read,,2,8573
583470803366969346,14610,HAC_write,,2,8570
583470803366969347,14609,HAC_read,,2,8570
583470803404718082,14608,HAC_write,,2,8567
583470803413106688,14607,HAC_read,,2,8567
583470803455049730,14606,HAC_write,,2,8564
583470803455049731,14605,HAC_read,,2,8564
583470803492798466,14604,HAC_write,,2,8561
583470803492798467,14603,HAC_read,,2,8561
583470803530547202,14602,HAC_write,,2,8558
583470803530547203,14601,HAC_read,,2,8558
583470803564101634,14600,HAC_write,,2,8555
583470803564101635,14599,HAC_read,,2,8555
583470803593461762,14598,HAC_write,,2,8552
583470803593461763,14597,HAC_read,,2,8552
583470803631210498,14596,HAC_write,,2,8549
583470803631210499,14595,HAC_read,,2,8549
583470803668959234,14594,HAC_write,,2,8546
583470803668959235,14593,HAC_read,,2,8546
583470803710902274,14592,HAC_write,,2,8543
583470803710902275,14591,HAC_read,,2,8543
583470803790594050,14590,HAC_write,,2,8540
583470803790594051,14589,HAC_read,,2,8540
583470803845120002,14588,HAC_write,,2,8537
583470803845120003,14587,HAC_read,,2,8537
583470803891257345,14586,HAC_write,,2,8534
583470803891257346,14585,HAC_read,,2,8534
583470803937394689,14584,HAC_write,,2,8531
583470803937394690,14583,HAC_read,,2,8531
583470804071612418,14582,HAC_write,,2,8528
583470804071612419,14581,HAC_read,,2,8528
583470804113555458,14580,HAC_write,,2,8525
583470804113555459,14579,HAC_read,,2,8525
583470804163887106,14578,HAC_write,,2,8522
583470804163887107,14577,HAC_read,,2,8522
583470804201635842,14576,HAC_write,,2,8519
583470804201635843,14575,HAC_read,,2,8519
583470804247773186,14574,HAC_write,,2,8516
583470804247773187,14573,HAC_read,,2,8516
583470804293910530,14572,HAC_write,,2,8513
583470804293910531,14571,HAC_read,,2,8513
583470804340047874,14570,HAC_write,,2,8510
583470804340047875,14569,HAC_read,,2,8510
583470804432322562,14568,HAC_write,,2,8507
583470804432322563,14567,HAC_read,,2,8507
583470804574928898,14624,HAC_write,,2,8504
583470804574928899,14623,HAC_read,,2,8504
583470804851752962,14622,HAC_write,,2,8501
583470804851752963,14621,HAC_read,,2,8501
583470805027913730,14620,HAC_write,,2,8498
583470805027913731,14619,HAC_read,,2,8498
583470805065662466,14618,HAC_write,,2,8495
583470805065662467,14617,HAC_read,,2,8495
583470805103411202,15325,HAC_write,,2,8828
583470805103411203,15324,HAC_read,,2,8828
583470805350875138,15331,HAC_write,,2,8618
583470805350875139,15330,HAC_read,,2,8618
583470805392818178,15393,HAC_write,,2,8609
583470805392818179,15392,HAC_read,,2,8609
583470805430566914,15391,HAC_write,,2,8606
583470805430566915,15390,HAC_read,,2,8606
583470805464121346,15389,HAC_write,,2,8603
583470805468315648,15388,HAC_read,,2,8603
583470805510258690,15329,HAC_write,,2,8600
583470805510258691,15328,HAC_read,,2,8600
583470805556396034,15327,HAC_write,,2,8597
583470805556396035,15326,HAC_read,,2,8597
583470805879357441,12884,HAC_write,,2,8705
583470805879357442,12883,HAC_read,,2,8705
583470805992603650,12882,HAC_write,,2,8699
583470805992603651,12881,HAC_read,,2,8699
583470806026158082,12890,HAC_write,,2,8684
583470806026158083,12889,HAC_read,,2,8684
583470806869213186,12888,HAC_write,,2,8459
583470806869213187,12887,HAC_read,,2,8459
583470806911156226,12886,HAC_write,,2,8456
583470806911156227,12885,HAC_read,,2,8456
583470807062151170,12892,HAC_write,,2,8672
583470807062151171,12891,HAC_read,,2,8672
583470807104094210,12872,HAC_write,,2,8648
583470807104094211,12871,HAC_read,,2,8648
583470807146037250,14662,HAC_write,,2,8408
583470807146037251,14661,HAC_read,,2,8408
583470807183785986,14656,HAC_write,,2,8405
583470807183785987,14655,HAC_read,,2,8405
583470807255089154,14616,HAC_write,,2,8402
583470807255089155,14615,HAC_read,,2,8402
583470807297032194,14664,HAC_write,,2,8399
583470807297032195,14663,HAC_read,,2,8399
583470807351558146,14566,HAC_write,,2,8396
583470807351558147,14565,HAC_read,,2,8396
583470807393501186,14658,HAC_write,,2,8393
583470807393501187,14657,HAC_read,,2,8393
583470807431249922,14660,HAC_write,,2,8390
583470807431249923,14659,HAC_read,,2,8390
583470807494164482,15318,lijian,,2,8831
583470807531913218,15321,HAC_write,,2,8612
583470807531913219,15320,HAC_read,,2,8612
583470807594827778,15322,[null],,2,8450
583470807636770818,15336,cisco,,2,8255
583470807724851202,15379,HAC_write,,2,8327
583470807724851203,15378,HAC_read,,2,8327
583470807762599938,15377,HAC_write,,2,8324
583470807762599939,15376,HAC_read,,2,8324
583470807800348674,15375,HAC_write,,2,8321
583470807800348675,15374,HAC_read,,2,8321
583470807833903106,15371,HAC_write,,2,8318
583470807833903107,15370,HAC_read,,2,8318
583470807867457538,15369,HAC_write,,2,8315
583470807867457539,15368,HAC_read,,2,8315
583470807905206274,15367,HAC_write,,2,8312
583470807905206275,15366,HAC_read,,2,8312
583470807947149314,15361,HAC_write,,2,8309
583470807947149315,15360,HAC_read,,2,8309
583470807997480962,15359,HAC_write,,2,8306
583470807997480963,15358,HAC_read,,2,8306
583470808068784130,15191,HAC_write,,2,8303
583470808068784131,15190,HAC_read,,2,8303
583470808123310082,15347,HAC_write,,2,8300
583470808123310083,15346,HAC_read,,2,8300
583470808165253120,15343,HAC_write,,2,8297
583470808165253121,15342,HAC_read,,2,8297
583470808203001858,15349,HAC_write,,2,8294
583470808203001859,15348,HAC_read,,2,8294
583470808236556290,15387,HAC_write,,2,8291
583470808236556291,15386,HAC_read,,2,8291
583470808274305026,15353,HAC_write,,2,8288
583470808274305027,15352,HAC_read,,2,8288
583470808312053762,15385,HAC_write,,2,8285
583470808312053763,15384,HAC_read,,2,8285
583470808349802498,15383,HAC_write,,2,8282
583470808349802499,15382,HAC_read,,2,8282
583470808387551234,15381,HAC_write,,2,8279
583470808387551235,15380,HAC_read,,2,8279
583470808429494274,15357,HAC_write,,2,8276
583470808429494275,15356,HAC_read,,2,8276
583470808467243010,15363,HAC_write,,2,8273
583470808467243011,15362,HAC_read,,2,8273
583470808500797442,15373,HAC_write,,2,8270
583470808500797443,15372,HAC_read,,2,8270
583470808538546178,15365,HAC_write,,2,8267
583470808538546179,15364,HAC_read,,2,8267
583470808572100610,15351,HAC_write,,2,8264
583470808572100611,15350,HAC_read,,2,8264
583470808601460738,15345,HAC_write,,2,8261
583470808601460739,15344,HAC_read,,2,8261
583470808635015170,15355,HAC_write,,2,8258
583470808635015171,15354,HAC_read,,2,8258
583470808970559490,12898,HAC_write,,2,8627
583470808970559491,12897,HAC_read,,2,8627
583470809012502528,12870,HAC_write,,2,8621
583470809012502529,12869,HAC_read,,2,8621
583470809046056962,12868,HAC_write,,2,8339
583470809046056963,12867,HAC_read,,2,8339
583470809079611394,12866,HAC_write,,2,8330
583470809079611395,12865,HAC_read,,2,8330
583470809197051906,12896,HAC_write,,2,8660
583470809197051907,12895,HAC_read,,2,8660
583470809297715202,12864,HAC_write,,2,8342
583470809297715203,12863,HAC_read,,2,8342
583470809322881026,12862,HAC_write,,2,8333
583470809322881027,12861,HAC_read,,2,8333
583470809419350018,12894,HAC_write,,2,8669
583470809419350019,12893,HAC_read,,2,8669
583470809603899394,12860,HAC_write,,2,8345
583470809603899395,12859,HAC_read,,2,8345
583470809633259520,12857,HAC_write,,2,8336
583470809633259521,12855,HAC_read,,2,8336
583470809658425346,12977,db2iread,,2,7774
583470809658425347,12975,czwatch,,2,7774
583470809658425348,12973,czcall,,2,7774
583470809687785474,12903,watch,,2,7771
583470809687785475,12901,cyccall,,2,7771
583470809717145603,15315,root,,2,8188
583470809717145604,15314,csrcb,,2,8188
583470809746505731,15313,view,,2,8184
583470809746505732,15312,root,,2,8184
583470809746505733,15311,csrcb,,2,8184
583470809775865859,13245,view,,2,10240
583470809775865860,13244,sudoroot,,2,10240
583470809775865861,13243,root,,2,10240
583470809809420291,13267,view,,2,10236
583470809809420292,13266,sudoroot,,2,10236
583470809809420293,13265,root,,2,10236
583470809851363331,13242,view,,2,10232
583470809851363332,13241,sudoroot,,2,10232
583470809851363333,13240,root,,2,10232
583470809893306371,13264,view,,2,10228
583470809893306372,13263,sudoroot,,2,10228
583470809893306373,13262,root,,2,10228
583470809931055107,13239,view,,2,10224
583470809931055108,13238,sudoroot,,2,10224
583470809931055109,13237,root,,2,10224
583470809931055110,13235,abs,,2,10224
583470809964609539,13261,view,,2,10220
583470809964609540,13260,sudoroot,,2,10220
583470809964609541,13259,root,,2,10220
583470809964609542,13258,abs,,2,10220
583470809998163971,13732,root,,2,10720
583470809998163972,13731,db2iread,,2,10720
583470810035912707,14851,root,,2,9384
583470810035912708,14849,agree,,2,9384
583470810061078531,12984,view,,2,8068
583470810061078532,12983,sudoroot,,2,8068
583470810061078533,12982,root,,2,8068
583470810061078534,12981,czwatch,,2,8068
583470810061078535,12979,czcb,,2,8068
583470810061078536,12978,czcall,,2,8068
583470810094632963,12990,view,,2,8064
583470810094632964,12989,sudoroot,,2,8064
583470810094632965,12988,root,,2,8064
583470810094632966,12987,czwatch,,2,8064
583470810094632967,12986,czcb,,2,8064
583470810094632968,12985,czcall,,2,8064
583470810216267779,15232,root,,2,9788
583470810254016515,15233,root,,2,9784
583470810295959555,13257,view,,2,8160
583470810295959556,13256,sudoroot,,2,8160
583470810295959557,13255,root,,2,8160
583470810295959558,13254,czafa,,2,8160
583470810346291203,13278,view,,2,8156
583470810346291204,13277,sudoroot,,2,8156
583470810346291205,13276,root,,2,8156
583470810346291206,13275,czafa,,2,8156
583470810384039939,13253,view,,2,7921
583470810384039940,13252,sudoroot,,2,7921
583470810384039941,13251,root,,2,7921
583470810417594371,13274,view,,2,7917
583470810417594372,13273,sudoroot,,2,7917
583470810417594373,13272,root,,2,7917
583470810455343107,13271,view,,2,7913
583470810459537408,13270,sudoroot,,2,7913
583470810459537409,13269,root,,2,7913
583470810459537410,13268,czafa,,2,7913
583470810501480451,13250,view,,2,7909
583470810501480452,13249,sudoroot,,2,7909
583470810501480453,13248,root,,2,7909
583470810501480454,13246,czafa,,2,7909
583470810539229187,13328,sudoroot,,2,7905
583470810539229188,13327,root,,2,7905
583470810539229189,13326,artery,,2,7905
583470810572783619,13322,sudoroot,,2,7901
583470810572783620,13321,root,,2,7901
583470810572783621,13320,artery,,2,7901
583470810610532355,13325,sudoroot,,2,7897
583470810610532356,13324,root,,2,7897
583470810610532357,13323,icomini,,2,7897
583470810648281091,13331,sudoroot,,2,7893
583470810648281092,13330,root,,2,7893
583470810648281093,13329,icomini,,2,7893
583470810686029824,14730,administrator,,2,11054
583470810719584258,13229,administrator,,2,10916
583470810757332995,13205,view,,2,9244
583470810757332996,13204,sudoroot,,2,9244
583470810757332997,13203,root,,2,9244
583470810811858946,13221,root,,2,9092
583470810862190595,13220,view,,2,8248
583470810862190596,13219,sudoroot,,2,8248
583470810862190597,13218,root,,2,8248
583470810862190598,13217,easymis,,2,8248
583470810862190599,13215,db2czxd,,2,8248
583470810933493763,13234,view,,2,8244
583470810933493764,13233,sudoroot,,2,8244
583470810933493765,13232,root,,2,8244
583470810933493766,13231,easymis,,2,8244
583470810933493767,13230,db2czxd,,2,8244
583470810975436803,13211,view,,2,8152
583470810975436804,13210,sudoroot,,2,8152
583470810975436805,13209,root,,2,8152
583470810975436806,13207,easymis,,2,8152
583470810975436807,13206,db2inst1,,2,8152
583470811013185539,13225,view,,2,7889
583470811013185540,13224,sudoroot,,2,7889
583470811013185541,13223,root,,2,7889
583470811013185542,13222,easymis,,2,7889
583470811046739971,14308,was,,2,9772
583470811046739972,14307,root,,2,9772
583470811080294403,14265,was,,2,9768
583470811080294404,14264,root,,2,9768
583470811109654530,14312,ssl,,2,8845
583470811151597570,14266,ssl,,2,8842
583470811193540611,14333,was,,2,7885
583470811193540612,14332,view,,2,7885
583470811193540613,14331,sudoroot,,2,7885
583470811193540614,14330,root,,2,7885
583470811239677955,14373,was,,2,7881
583470811239677956,14372,view,,2,7881
583470811239677957,14371,sudoroot,,2,7881
583470811239677958,14370,root,,2,7881
583470811290009603,13283,view,,2,7877
583470811290009604,13282,sudoroot,,2,7877
583470811290009605,13281,root,,2,7877
583470811290009606,13279,pmbs,,2,7877
583470811331952643,13304,view,,2,7873
583470811331952644,13303,sudoroot,,2,7873
583470811331952645,13302,root,,2,7873
583470811331952646,13301,pmbs,,2,7873
583470811365507075,13319,was,,2,10588
583470811365507076,13318,view,,2,10588
583470811365507077,13317,sudoroot,,2,10588
583470811365507078,13316,root,,2,10588
583470811365507079,13315,czposp,,2,10588
583470811432615939,13289,was,,2,10584
583470811432615940,13288,view,,2,10584
583470811432615941,13287,sudoroot,,2,10584
583470811432615942,13286,root,,2,10584
583470811432615943,13284,czposp,,2,10584
583470811461976067,13309,was,,2,10580
583470811461976068,13308,view,,2,10580
583470811461976069,13307,sudoroot,,2,10580
583470811461976070,13306,root,,2,10580
583470811461976071,13305,czposp,,2,10580
583470811495530499,13292,view,,2,8224
583470811495530500,13291,sudoroot,,2,8224
583470811495530501,13290,root,,2,8224
583470811533279235,13314,view,,2,8220
583470811533279236,13313,sudoroot,,2,8220
583470811533279237,13312,root,,2,8220
583470811533279238,13310,czydfk,,2,8220
583470811583610883,14865,root,,2,9104
583470811726217219,14225,sudoroot,,2,9100
583470811726217220,14224,root,,2,9100
583470811726217221,14222,exbadm,,2,9100
583470811759771651,14864,view,,2,10500
583470811759771652,14863,sudoroot,,2,10500
583470811759771653,14862,root,,2,10500
583470811793326082,14922,view,,2,10496
583470811793326083,14921,sudoroot,,2,10496
583470811793326084,14920,root,,2,10496
583470811831074819,13228,view,,2,9764
583470811831074820,13227,sudoroot,,2,9764
583470811831074821,13226,root,,2,9764
583470811864629251,13214,view,,2,9760
583470811864629252,13213,sudoroot,,2,9760
583470811864629253,13212,root,,2,9760
583470811889795074,13856,administrator,,2,10919
583470811919155203,13852,sudoroot,,2,9096
583470811919155204,13851,root,,2,9096
583470811952709635,15069,view,,2,9816
583470811952709636,15068,sudoroot,,2,9816
583470811952709637,15067,root,,2,9816
583470811986264067,15079,view,,2,9812
583470811986264068,15078,sudoroot,,2,9812
583470811986264069,15077,root,,2,9812
583470812015624195,13867,worker,,2,9808
583470812019818496,13866,sudoroot,,2,9808
583470812019818497,13865,root,,2,9808
583470812053372931,13844,sudoroot,,2,9780
583470812053372932,13843,root,,2,9780
583470812053372933,13842,aml,,2,9780
583470812078538755,13841,sudoroot,,2,9776
583470812078538756,13840,root,,2,9776
583470812078538757,13838,aml,,2,9776
583470812116287490,13847,view,,2,10684
583470812116287491,13846,sudoroot,,2,10684
583470812116287492,13845,root,,2,10684
583470812158230531,13850,view,,2,10504
583470812158230532,13849,sudoroot,,2,10504
583470812158230533,13848,root,,2,10504
583470812195979267,13300,was,,2,10536
583470812195979268,13299,view,,2,10536
583470812195979269,13298,sudoroot,,2,10536
583470812195979270,13297,root,,2,10536
583470812237922307,13296,was,,2,10532
583470812237922308,13295,view,,2,10532
583470812237922309,13294,sudoroot,,2,10532
583470812237922310,13293,root,,2,10532
583470812275671042,13855,administrator,,2,11021
583470812309225474,13854,administrator,,2,11003
583470812346974210,13853,administrator,,2,11000
583470812376334339,13864,was,,2,10596
583470812376334340,13863,view,,2,10596
583470812376334341,13862,sudoroot,,2,10596
583470812376334342,13861,root,,2,10596
583470812376334343,13859,db2czdz,,2,10596
583470812376334344,13857,czdz,,2,10596
583470812405694467,13874,was,,2,10592
583470812405694468,13873,view,,2,10592
583470812405694469,13872,sudoroot,,2,10592
583470812405694470,13871,root,,2,10592
583470812405694471,13870,db2czdz,,2,10592
583470812405694472,13869,czdz,,2,10592
583470812502163461,15802,administrator,,1,11009
583470812523134978,13734,administrator,,2,10967
583470812552495106,13740,administrator,,2,10823
583470812586049538,13738,sysadmin,,2,10820
583470812586049539,13736,netadmin,,2,10820
583470812586049540,13735,administrator,,2,10820
583470812623798275,14817,view,,2,9948
583470812623798276,14816,sudoroot,,2,9948
583470812623798277,14815,root,,2,9948
583470812653158403,14475,view,,2,9164
583470812653158404,14474,sudoroot,,2,9164
583470812653158405,14473,root,,2,9164
583470812716072963,13025,view,,2,8056
583470812716072964,13024,sudoroot,,2,8056
583470812716072965,13023,root,,2,8056
583470812716072966,13022,icomini,,2,8056
583470812716072967,13021,cardusr,,2,8056
583470812745433091,13010,was,,2,8028
583470812745433092,13009,view,,2,8028
583470812745433093,13007,sunfrs,,2,8028
583470812745433094,13005,suncard,,2,8028
583470812745433095,13004,sudoroot,,2,8028
583470812745433096,13003,root,,2,8028
583470812774793219,13031,was,,2,8024
583470812774793220,13030,view,,2,8024
583470812774793221,13029,sunfrs,,2,8024
583470812774793222,13028,suncard,,2,8024
583470812774793223,13027,sudoroot,,2,8024
583470812774793224,13026,root,,2,8024
583470812799959043,14208,view,,2,10732
583470812799959044,14207,sudoroot,,2,10732
583470812799959045,14206,root,,2,10732
583470812799959046,14204,itmuser,,2,10732
583470812799959047,14203,ctmagt,,2,10732
583470812799959048,14201,cama,,2,10732
583470812799959049,14200,afe,,2,10732
583470812833513475,13408,view,,2,10696
583470812833513476,13407,sudoroot,,2,10696
583470812833513477,13406,root,,2,10696
583470812833513478,13404,afe,,2,10696
583470812867067907,13461,view,,2,10692
583470812867067908,13460,sudoroot,,2,10692
583470812867067909,13459,root,,2,10692
583470812867067910,13458,afe,,2,10692
583470812892233731,13416,view,,2,9876
583470812892233732,13415,sudoroot,,2,9876
583470812892233733,13414,root,,2,9876
583470812892233734,13413,abs,,2,9876
583470812921593859,13372,view,,2,9872
583470812921593860,13371,sudoroot,,2,9872
583470812921593861,13370,root,,2,9872
583470812921593862,13369,abs,,2,9872
583470812942565379,13420,view,,2,9868
583470812942565380,13419,sudoroot,,2,9868
583470812942565381,13418,root,,2,9868
583470812942565382,13417,abs,,2,9868
583470812976119811,13376,view,,2,9864
583470812976119812,13375,sudoroot,,2,9864
583470812976119813,13374,root,,2,9864
583470812976119814,13373,abs,,2,9864
583470813009674243,13457,view,,2,9652
583470813009674244,13456,sudoroot,,2,9652
583470813009674245,13455,root,,2,9652
583470813009674246,13454,afe,,2,9652
583470813043228675,14725,view,,2,9648
583470813043228676,14724,sudoroot,,2,9648
583470813043228677,14723,root,,2,9648
583470813043228678,14722,afe,,2,9648
583470813072588803,14745,view,,2,9644
583470813072588804,14744,sudoroot,,2,9644
583470813072588805,14743,root,,2,9644
583470813072588806,14742,afe,,2,9644
583470813101948931,14729,view,,2,9640
583470813101948932,14728,sudoroot,,2,9640
583470813101948933,14727,root,,2,9640
583470813101948934,14726,afe,,2,9640
583470813127114755,15214,view,,2,9532
583470813127114756,15213,sudoroot,,2,9532
583470813127114757,15212,root,,2,9532
583470813127114758,15211,afe,,2,9532
583470813156474883,15195,view,,2,9528
583470813156474884,15194,sudoroot,,2,9528
583470813156474885,15193,root,,2,9528
583470813156474886,15192,afe,,2,9528
583470813185835011,14997,view,,2,8232
583470813185835012,14996,sudoroot,,2,8232
583470813185835013,14995,root,,2,8232
583470813185835014,14994,afa,,2,8232
583470813215195139,13399,view,,2,8108
583470813215195140,13398,sudoroot,,2,8108
583470813215195141,13397,root,,2,8108
583470813215195142,13396,afa,,2,8108
583470813252943875,13388,view,,2,8100
583470813252943876,13387,sudoroot,,2,8100
583470813252943877,13386,root,,2,8100
583470813252943878,13385,afa,,2,8100
583470813286498307,13435,view,,2,8092
583470813286498308,13434,utan,,2,8092
583470813286498309,13433,sudoroot,,2,8092
583470813286498310,13432,root,,2,8092
583470813286498311,13430,db2gjjs,,2,8092
583470813286498312,13429,afa,,2,8092
583470813320052739,13446,view,,2,8076
583470813320052740,13445,sudoroot,,2,8076
583470813320052741,13444,root,,2,8076
583470813320052742,13443,pmbs,,2,8076
583470813320052743,13442,afa,,2,8076
583470813349412867,13384,view,,2,7981
583470813349412868,13383,sudoroot,,2,7981
583470813349412869,13382,root,,2,7981
583470813349412870,13380,afa,,2,7981
583470813382967299,13428,view,,2,7977
583470813382967300,13427,sudoroot,,2,7977
583470813382967301,13426,root,,2,7977
583470813382967302,13425,afa,,2,7977
583470813420716035,14701,view,,2,9824
583470813420716036,14700,root,,2,9824
583470813462659074,14704,zost,,2,8965
583470813462659075,14703,view,,2,8965
583470813462659076,14702,root,,2,8965
583470813500407810,13752,administrator,,2,11045
583470813559128067,13355,view,,2,8168
583470813559128068,13354,sudoroot,,2,8168
583470813559128069,13353,secu,,2,8168
583470813559128070,13352,root,,2,8168
583470813596876803,15064,view,,2,8164
583470813596876804,15063,sudoroot,,2,8164
583470813596876805,15062,root,,2,8164
583470813630431235,13336,view,,2,8140
583470813630431236,13335,sudoroot,,2,8140
583470813630431237,13333,secu,,2,8140
583470813630431238,13332,root,,2,8140
583470813659791363,13339,view,,2,8136
583470813659791364,13338,sudoroot,,2,8136
583470813659791365,13337,root,,2,8136
583470813697540099,13358,view,,2,8132
583470813697540100,13357,sudoroot,,2,8132
583470813697540101,13356,root,,2,8132
583470813739483139,15074,view,,2,7821
583470813739483140,15073,sudoroot,,2,7821
583470813739483141,15072,secu,,2,7821
583470813739483142,15071,root,,2,7821
583470813768843267,15242,sudoroot,,2,8228
583470813768843268,15241,root,,2,8228
583470813802397698,15298,view,,2,8212
583470813802397699,15297,sudoroot,,2,8212
583470813802397700,15296,root,,2,8212
583470813802397701,15295,csrcb,,2,8212
583470813831757827,15310,root,,2,8192
583470813831757828,15309,db2irun,,2,8192
583470813831757829,15308,csrcb,,2,8192
583470813856923651,12910,view,,2,7861
583470813856923652,12908,sudoroot,,2,7861
583470813856923653,12907,root,,2,7861
583470813856923654,12905,csrcb,,2,7861
583470813890478083,12942,view,,2,7857
583470813890478084,12941,sudoroot,,2,7857
583470813890478085,12940,root,,2,7857
583470813890478086,12939,db2iread,,2,7857
583470813890478087,12938,csrcb,,2,7857
583470813919838211,12929,watch,,2,7853
583470813919838212,12928,view,,2,7853
583470813919838213,12927,sudoroot,,2,7853
583470813919838214,12926,root,,2,7853
583470813919838215,12925,db2iread,,2,7853
583470813919838216,12924,cyccall,,2,7853
583470813919838217,12923,csrcb,,2,7853
583470813949198339,12922,watch,,2,7849
583470813949198340,12921,view,,2,7849
583470813949198341,12920,sudoroot,,2,7849
583470813949198342,12919,root,,2,7849
583470813949198343,12917,db2iread,,2,7849
583470813949198344,12916,cyccall,,2,7849
583470813949198345,12915,csrcb,,2,7849
583470813982752771,12937,view,,2,7845
583470813982752772,12936,sudoroot,,2,7845
583470813982752773,12935,root,,2,7845
583470813982752774,12934,csrcb,,2,7845
583470814020501507,12914,view,,2,7841
583470814020501508,12913,sudoroot,,2,7841
583470814020501509,12912,root,,2,7841
583470814054055939,12933,view,,2,7837
583470814054055940,12932,sudoroot,,2,7837
583470814054055941,12931,root,,2,7837
583470814058250240,12930,csrcb,,2,7837
583470814091804675,12947,view,,2,7833
583470814091804676,12946,sudoroot,,2,7833
583470814091804677,12945,root,,2,7833
583470814091804678,12944,db2iread,,2,7833
583470814091804679,12943,csrcb,,2,7833
583470814129553411,14417,view,,2,7829
583470814129553412,14416,sudoroot,,2,7829
583470814129553413,14415,root,,2,7829
583470814129553414,14413,db2irun,,2,7829
583470814163107843,15341,view,,2,7825
583470814163107844,15340,sudoroot,,2,7825
583470814163107845,15339,root,,2,7825
583470814163107846,15338,db2irun,,2,7825
583470814196662275,14336,view,,2,10552
583470814196662276,14335,sudoroot,,2,10552
583470814196662277,14334,root,,2,10552
583470814230216705,14376,view,,2,10548
583470814230216706,14375,sudoroot,,2,10548
583470814230216707,14374,root,,2,10548
583470814259576835,14248,view,,2,10544
583470814259576836,14247,sudoroot,,2,10544
583470814259576837,14246,root,,2,10544
583470814288936963,14285,view,,2,10540
583470814288936964,14284,sudoroot,,2,10540
583470814288936965,14283,root,,2,10540
583470814322491395,13465,view,,2,9636
583470814322491396,13464,sudoroot,,2,9636
583470814322491397,13463,root,,2,9636
583470814322491398,13462,afe,,2,9636
583470814356045827,13412,view,,2,9632
583470814356045828,13411,sudoroot,,2,9632
583470814356045829,13410,root,,2,9632
583470814356045830,13409,afe,,2,9632
583470814389600259,14169,view,,2,7817
583470814389600260,14168,sudoroot,,2,7817
583470814389600261,14167,root,,2,7817
583470814439931907,14178,view,,2,7813
583470814439931908,14177,sudoroot,,2,7813
583470814439931909,14176,root,,2,7813
583470814481874947,14004,view,,2,10108
583470814481874948,14003,sudoroot,,2,10108
583470814481874949,14002,root,,2,10108
583470814481874950,14001,ifm40,,2,10108
583470814519623683,12958,view,,2,10104
583470814519623684,12957,sudoroot,,2,10104
583470814519623685,12956,root,,2,10104
583470814519623686,12955,ifm40,,2,10104
583470814561566723,12972,view,,2,10100
583470814561566724,12971,sudoroot,,2,10100
583470814561566725,12970,root,,2,10100
583470814561566726,12969,ifm40,,2,10100
583470814603509763,13903,worker,,2,9852
583470814603509764,13902,view,,2,9852
583470814603509765,13901,sudoroot,,2,9852
583470814603509766,13900,root,,2,9852
583470814645452803,13915,worker,,2,9848
583470814645452804,13914,view,,2,9848
583470814645452805,13913,sudoroot,,2,9848
583470814645452806,13912,root,,2,9848
583470814683201539,13002,view,,2,8088
583470814683201540,13001,sudoroot,,2,8088
583470814683201541,13000,root,,2,8088
583470814683201542,12998,icomini,,2,8088
583470814683201543,12996,cardusr,,2,8088
583470814720950275,13020,view,,2,8060
583470814720950276,13019,sudoroot,,2,8060
583470814720950277,13018,root,,2,8060
583470814720950278,13017,icomini,,2,8060
583470814720950279,13016,cardusr,,2,8060
583470814758699010,13015,view,,2,7961
583470814758699011,13014,sudoroot,,2,7961
583470814758699012,13013,root,,2,7961
583470814758699013,13012,artery,,2,7961
583470814792253443,12995,view,,2,7957
583470814792253444,12994,sudoroot,,2,7957
583470814792253445,12993,root,,2,7957
583470814792253446,12991,artery,,2,7957
583470814821613571,14869,telecom,,2,10176
583470814821613572,14868,root,,2,10176
583470814850973699,14199,view,,2,9828
583470814850973700,14197,tips,,2,9828
583470814850973701,14196,sudoroot,,2,9828
583470814850973702,14195,root,,2,9828
583470814876139523,14879,view,,2,9720
583470814876139524,14878,sudoroot,,2,9720
583470814876139525,14877,root,,2,9720
583470814897111043,15210,view,,2,9620
583470814897111044,15209,sudoroot,,2,9620
583470814897111045,15207,sheyin,,2,9620
583470814897111046,15206,root,,2,9620
583470814918082563,14884,view,,2,9536
583470814918082564,14883,sudoroot,,2,9536
583470814918082565,14882,root,,2,9536
583470814918082566,14880,mqm,,2,9536
583470814943248387,14888,view,,2,9032
583470814943248388,14887,sudoroot,,2,9032
583470814943248389,14886,root,,2,9032
583470814943248390,14885,mqm,,2,9032
583470814964219907,13137,view,,2,9372
583470814964219908,13135,sunyard,,2,9372
583470814964219909,13134,sudoroot,,2,9372
583470814964219910,13133,root,,2,9372
583470814993580035,13176,view,,2,9368
583470814993580036,13175,sunyard,,2,9368
583470814993580037,13174,sudoroot,,2,9368
583470814993580038,13173,root,,2,9368
583470815018745859,14861,view,,2,9380
583470815018745860,14859,tenpay,,2,9380
583470815018745861,14858,sudoroot,,2,9380
583470815018745862,14857,root,,2,9380
583470815018745863,14855,alipay,,2,9380
583470815043911683,14893,view,,2,9376
583470815043911684,14892,tenpay,,2,9376
583470815043911685,14891,sudoroot,,2,9376
583470815043911686,14890,root,,2,9376
583470815043911687,14889,alipay,,2,9376
583470815064883203,13141,yyxt,,2,10032
583470815064883204,13140,view,,2,10032
583470815064883205,13139,sudoroot,,2,10032
583470815064883206,13138,root,,2,10032
583470815090049027,13182,yyxt,,2,10028
583470815090049028,13181,view,,2,10028
583470815090049029,13180,sudoroot,,2,10028
583470815090049030,13179,root,,2,10028
583470815090049031,13177,db2yyxt,,2,10028
583470815115214851,13145,was,,2,10624
583470815115214852,13144,view,,2,10624
583470815115214853,13143,sudoroot,,2,10624
583470815115214854,13142,root,,2,10624
583470815136186371,13186,was,,2,10620
583470815136186372,13185,view,,2,10620
583470815136186373,13184,sudoroot,,2,10620
583470815136186374,13183,root,,2,10620
583470815161352195,14564,view,,2,10600
583470815161352196,14563,root,,2,10600
583470815186518019,13199,was,,2,10444
583470815186518020,13198,view,,2,10444
583470815186518021,13197,sudoroot,,2,10444
583470815186518022,13196,root,,2,10444
583470815211683843,14556,view,,2,9488
583470815211683844,14555,sudoroot,,2,9488
583470815211683845,14554,root,,2,9488
583470815232655363,14562,view,,2,9484
583470815232655364,14561,sudoroot,,2,9484
583470815232655365,14560,root,,2,9484
583470815257821187,14550,view,,2,9480
583470815257821188,14549,sudoroot,,2,9480
583470815257821189,14548,root,,2,9480
583470815299764227,14547,view,,2,9472
583470815299764228,14546,root,,2,9472
583470815324930051,13189,view,,2,9468
583470815324930052,13188,sudoroot,,2,9468
583470815324930053,13187,root,,2,9468
583470815350095875,13148,view,,2,9464
583470815350095876,13147,sudoroot,,2,9464
583470815350095877,13146,root,,2,9464
583470815392038915,14545,view,,2,9460
583470815392038916,14544,root,,2,9460
583470815501090819,14553,view,,2,9448
583470815501090820,14552,sudoroot,,2,9448
583470815501090821,14551,root,,2,9448
583470815564005379,14543,view,,2,9444
583470815564005380,14542,root,,2,9444
583470815593365507,14537,view,,2,9440
583470815593365508,14536,sudoroot,,2,9440
583470815593365509,14535,root,,2,9440
583470815626919939,14713,view,,2,9436
583470815626919940,14712,root,,2,9436
583470815652085763,14683,view,,2,9432
583470815652085764,14682,root,,2,9432
583470815685640194,14559,view,,2,9428
583470815685640195,14558,sudoroot,,2,9428
583470815685640196,14557,root,,2,9428
583470815710806019,14985,view,,2,8200
583470815710806020,14984,sudoroot,,2,8200
583470815710806021,14983,root,,2,8200
583470815735971843,15054,view,,2,8196
583470815735971844,15053,sudoroot,,2,8196
583470815735971845,15052,root,,2,8196
583470815765331971,13157,view,,2,7789
583470815765331972,13156,sudoroot,,2,7789
583470815765331973,13155,root,,2,7789
583470815765331974,13153,rmadmin,,2,7789
583470815765331975,13151,icmadmin,,2,7789
583470815765331976,13149,icadmin,,2,7789
583470815794692099,13195,view,,2,7785
583470815794692100,13194,sudoroot,,2,7785
583470815794692101,13193,root,,2,7785
583470815794692102,13192,rmadmin,,2,7785
583470815794692103,13191,icmadmin,,2,7785
583470815794692104,13190,icadmin,,2,7785
583470815819857922,14721,administrator,,2,10829
583470815849218050,14741,administrator,,2,10826
583470815874383875,14737,view,,2,9500
583470815874383876,14736,sudoroot,,2,9500
583470815874383877,14735,root,,2,9500
583470815903744003,14717,view,,2,9496
583470815903744004,14716,sudoroot,,2,9496
583470815903744005,14715,root,,2,9496
583470815928909827,14720,view,,2,9492
583470815928909828,14719,sudoroot,,2,9492
583470815928909829,14718,root,,2,9492
583470815958269955,14740,view,,2,9004
583470815958269956,14739,sudoroot,,2,9004
583470815958269957,14738,root,,2,9004
583470815983435779,15254,view,,2,8128
583470815983435780,15253,sudoroot,,2,8128
583470815983435781,15252,root,,2,8128
583470815983435782,15251,easymis,,2,8128
583470816008601603,15266,view,,2,7797
583470816008601604,15265,sudoroot,,2,7797
583470816008601605,15264,root,,2,7797
583470816008601606,15263,easymis,,2,7797
583470816025378819,15270,view,,2,7793
583470816025378820,15269,sudoroot,,2,7793
583470816025378821,15268,root,,2,7793
583470816025378822,15267,easymis,,2,7793
583470816050544643,13824,was,,2,10480
583470816050544644,13823,view,,2,10480
583470816050544645,13822,sudoroot,,2,10480
583470816050544646,13821,root,,2,10480
583470816050544647,13819,etl,,2,10480
583470816075710467,13567,was,,2,10476
583470816075710468,13566,view,,2,10476
583470816075710469,13565,sudoroot,,2,10476
583470816075710470,13564,root,,2,10476
583470816096681987,13588,was,,2,10472
583470816096681988,13587,view,,2,10472
583470816096681989,13586,sudoroot,,2,10472
583470816096681990,13585,root,,2,10472
583470816121847811,13563,was,,2,10468
583470816121847812,13562,view,,2,10468
583470816121847813,13561,sudoroot,,2,10468
583470816121847814,13560,root,,2,10468
583470816142819331,13559,was,,2,10464
583470816142819332,13558,view,,2,10464
583470816142819333,13557,sudoroot,,2,10464
583470816142819334,13556,root,,2,10464
583470816167985155,13584,was,,2,10460
583470816167985156,13583,view,,2,10460
583470816167985157,13582,sudoroot,,2,10460
583470816167985158,13581,root,,2,10460
583470816193150979,13580,was,,2,10456
583470816193150980,13579,view,,2,10456
583470816193150981,13578,sudoroot,,2,10456
583470816193150982,13577,root,,2,10456
583470816226705408,12954,view,,2,8084
583470816226705409,12953,sudoroot,,2,8084
583470816226705410,12952,root,,2,8084
583470816226705411,12950,ifm40,,2,8084
583470816226705412,12948,credit,,2,8084
583470816256065539,12963,view,,2,8052
583470816256065540,12962,sudoroot,,2,8052
583470816256065541,12961,root,,2,8052
583470816256065542,12960,ifm40,,2,8052
583470816256065543,12959,credit,,2,8052
583470816289619971,12968,view,,2,8048
583470816289619972,12967,sudoroot,,2,8048
583470816289619973,12966,root,,2,8048
583470816289619974,12965,ifm40,,2,8048
583470816289619975,12964,credit,,2,8048
583470816318980099,14806,view,,2,10616
583470816323174400,14805,sudoroot,,2,10616
583470816323174401,14804,root,,2,10616
583470816352534531,15205,view,,2,9956
583470816352534532,15204,sudoroot,,2,9956
583470816352534533,15203,root,,2,9956
583470816352534534,15202,artery,,2,9956
583470816381894659,15224,view,,2,9952
583470816381894660,15223,sudoroot,,2,9952
583470816381894661,15222,root,,2,9952
583470816381894662,15221,artery,,2,9952
583470816411254787,14369,root,,2,9580
583470816440614915,14328,root,,2,9576
583470816469975043,14306,sudoroot,,2,9572
583470816469975044,14305,root,,2,9572
583470816495140867,14263,sudoroot,,2,9568
583470816495140868,14262,root,,2,9568
583470816524500995,15307,view,,2,8216
583470816524500996,15306,sudoroot,,2,8216
583470816524500997,15305,root,,2,8216
583470816558055427,13160,view,,2,10404
583470816558055428,13159,sudoroot,,2,10404
583470816558055429,13158,root,,2,10404
583470816587415555,13202,view,,2,10400
583470816587415556,13201,sudoroot,,2,10400
583470816587415557,13200,root,,2,10400
583470816616775683,15026,view,,2,9508
583470816616775684,15025,sudoroot,,2,9508
583470816616775685,15024,root,,2,9508
583470816641941507,15023,view,,2,9504
583470816641941508,15022,sudoroot,,2,9504
583470816641941509,15021,root,,2,9504
583470816667107331,14327,view,,2,9524
583470816667107332,14326,sudoroot,,2,9524
583470816667107333,14325,root,,2,9524
583470816692273155,14368,view,,2,9520
583470816692273156,14367,sudoroot,,2,9520
583470816692273157,14366,root,,2,9520
583470816721633283,14304,view,,2,9516
583470816721633284,14303,sudoroot,,2,9516
583470816721633285,14302,root,,2,9516
583470816750993411,14261,view,,2,9512
583470816750993412,14260,sudoroot,,2,9512
583470816750993413,14259,root,,2,9512
583470816776159235,14319,root,,2,8872
583470816805519362,14273,ssl,,2,8857
583470816830685186,14318,ssl,,2,8854
583470816851656706,14317,ssl,,2,8851
583470816885211137,14272,ssl,,2,8848
583470816906182659,14329,root,,2,8838
583470816935542787,14408,root,,2,8834
583470816964902913,13474,view,,2,8180
583470816964902914,13473,sudoroot,,2,8180
583470816964902915,13472,root,,2,8180
583470816964902916,13471,pmbs,,2,8180
583470816964902917,13469,eci,,2,8180
583470816964902918,13468,ebank,,2,8180
583470816964902919,13466,cfcara,,2,8180
583470816990068739,13403,view,,2,8080
583470816990068740,13402,sudoroot,,2,8080
583470816990068741,13401,root,,2,8080
583470816990068742,13400,pmbs,,2,8080
583470817015234563,13453,view,,2,8072
583470817015234564,13452,sudoroot,,2,8072
583470817015234565,13451,root,,2,8072
583470817015234566,13450,pmbs,,2,8072
583470817015234567,13448,ebank,,2,8072
583470817015234568,13447,afa,,2,8072
583470817040400387,14365,view,,2,7805
583470817040400388,14364,sudoroot,,2,7805
583470817040400389,14363,root,,2,7805
583470817065566211,14324,view,,2,7801
583470817065566212,14323,sudoroot,,2,7801
583470817065566213,14322,root,,2,7801
583470817065566214,14320,agent,,2,7801
583470817094926339,14901,view,,2,9416
583470817094926340,14900,sudoroot,,2,9416
583470817094926341,14899,root,,2,9416
583470817094926342,14898,exbadm,,2,9416
583470817124286467,14897,view,,2,9412
583470817124286468,14896,sudoroot,,2,9412
583470817124286469,14895,root,,2,9412
583470817124286470,14894,exbadm,,2,9412
583470817162035203,14929,tomcat,,2,9344
583470817162035204,14927,sybase,,2,9344
583470817162035205,14926,sudoroot,,2,9344
583470817162035206,14925,root,,2,9344
583470817162035207,14924,exbadm,,2,9344
583470817162035208,14923,agent,,2,9344
583470817250115587,14904,view,,2,9020
583470817250115588,14903,sudoroot,,2,9020
583470817250115589,14902,root,,2,9020
583470817287864323,14876,view,,2,9012
583470817287864324,14875,tomcat,,2,9012
583470817287864325,14874,root,,2,9012
583470817287864326,14872,fang,,2,9012
583470817287864327,14871,exbadm,,2,9012
583470817325613059,13128,view,,2,10272
583470817325613060,13127,sudoroot,,2,10272
583470817325613061,13126,root,,2,10272
583470817325613062,13124,ecifbat,,2,10272
583470817359167491,13168,view,,2,10268
583470817359167492,13167,sudoroot,,2,10268
583470817359167493,13166,root,,2,10268
583470817359167494,13165,ecifbat,,2,10268
583470817392721923,13123,view,,2,10264
583470817392721924,13122,sudoroot,,2,10264
583470817392721925,13121,root,,2,10264
583470817392721926,13119,ecifsrv,,2,10264
583470817430470659,13164,view,,2,10260
583470817430470660,13163,sudoroot,,2,10260
583470817430470661,13162,root,,2,10260
583470817430470662,13161,ecifsrv,,2,10260
583470817464025091,13132,view,,2,8124
583470817464025092,13131,sudoroot,,2,8124
583470817464025093,13130,root,,2,8124
583470817464025094,13129,ecifbat,,2,8124
583470817493385219,13172,view,,2,8120
583470817493385220,13171,sudoroot,,2,8120
583470817493385221,13170,root,,2,8120
583470817493385222,13169,ecifbat,,2,8120
583470817522745347,14519,view,,2,9676
583470817522745348,14518,turbocms,,2,9676
583470817522745349,14517,sudoroot,,2,9676
583470817522745350,14516,root,,2,9676
583470817552105472,14507,view,,2,9672
583470817552105473,14505,turbocms,,2,9672
583470817552105474,14504,sudoroot,,2,9672
583470817552105475,14503,root,,2,9672
583470817585659907,14452,view,,2,9668
583470817585659908,14451,sudoroot,,2,9668
583470817585659909,14450,root,,2,9668
583470817615020035,14420,view,,2,9664
583470817615020036,14419,sudoroot,,2,9664
583470817615020037,14418,root,,2,9664
583470817644380163,15188,root,,2,9348
583470817669545987,13606,was,,2,10664
583470817669545988,13605,view,,2,10664
583470817669545989,13604,sudoroot,,2,10664
583470817669545990,13603,root,,2,10664
583470817698906115,13610,was,,2,10660
583470817698906116,13609,view,,2,10660
583470817698906117,13608,sudoroot,,2,10660
583470817698906118,13607,root,,2,10660
583470817728266243,13395,view,,2,8104
583470817728266244,13393,utan,,2,8104
583470817728266245,13392,sudoroot,,2,8104
583470817728266246,13391,root,,2,8104
583470817728266247,13389,ctmagt,,2,8104
583470817761820675,13441,view,,2,8096
583470817761820676,13440,utan,,2,8096
583470817761820677,13439,sudoroot,,2,8096
583470817761820678,13438,root,,2,8096
583470817761820679,13437,ctmagt,,2,8096
583470817761820680,13436,afa,,2,8096
583470817791180802,15155,administrator,,2,11081
583470817820540930,15163,administrator,,2,11072
583470817845706754,14714,administrator,,2,10997
583470817870872578,14734,administrator,,2,10994
583470817896038402,15175,administrator,,2,10907
583470817917009922,15151,administrator,,2,10904
583470817950564354,15179,administrator,,2,10901
583470817984118786,15140,administrator,,2,10898
583470818059616258,15164,administrator,,2,10889
583470818088976386,15165,administrator,,2,10886
583470818143502339,14708,view,,2,9744
583470818143502340,14707,sudoroot,,2,9744
583470818143502341,14706,root,,2,9744
583470818181251075,14678,view,,2,9740
583470818181251076,14677,sudoroot,,2,9740
583470818181251077,14676,root,,2,9740
583470818260942851,15178,view,,2,9056
583470818260942852,15177,sudoroot,,2,9056
583470818260942853,15176,admin,,2,9056
583470818294497283,15174,view,,2,9052
583470818294497284,15173,sudoroot,,2,9052
583470818294497285,15172,root,,2,9052
583470818332246019,15150,view,,2,9048
583470818332246020,15149,sudoroot,,2,9048
583470818332246021,15148,root,,2,9048
583470818411937795,15154,view,,2,8919
583470818411937796,15153,sudoroot,,2,8919
583470818411937797,15152,admin,,2,8919
583470818445492227,15186,dadmin,,2,8915
583470818479046659,15185,admin,,2,8911
583470818512601091,15181,view,,2,8907
583470818512601092,15180,root,,2,8907
583470818546155523,15184,root,,2,8903
583470818546155524,15183,admin,,2,8903
583470818588098562,15187,admin,,2,8900
583470818630041603,15182,root,,2,8896
583470818667790339,15156,root,,2,8892
583470818709733379,15160,dadmin,,2,8888
583470818739093507,15159,admin,,2,8884
583470818764259331,15158,root,,2,8880
583470818764259332,15157,admin,,2,8880
583470818789425155,15162,admin,,2,8876
583470818814590979,14233,was,,2,10796
583470818814590980,14232,view,,2,10796
583470818814590981,14231,sudoroot,,2,10796
583470818814590982,14230,root,,2,10796
583470818848145411,13497,view,,2,10060
583470818848145412,13496,ump,,2,10060
583470818848145413,13495,root,,2,10060
583470818877505539,14288,view,,2,9392
583470818877505540,14287,root,,2,9392
583470818911059971,13479,view,,2,9072
583470818911059972,13477,ump,,2,9072
583470818911059973,13476,sudoroot,,2,9072
583470818911059974,13475,root,,2,9072
583470818944614403,13494,view,,2,9068
583470818944614404,13493,ump,,2,9068
583470818944614405,13492,sudoroot,,2,9068
583470818944614406,13491,root,,2,9068
583470818973974531,14254,view,,2,9064
583470818973974532,14253,sudoroot,,2,9064
583470818973974533,14252,root,,2,9064
583470819003334659,14297,view,,2,9060
583470819003334660,14296,sudoroot,,2,9060
583470819003334661,14295,root,,2,9060
583470819028500483,15247,view,,2,10112
583470819028500484,15246,root,,2,10112
583470819062054915,15240,view,,2,10072
583470819062054916,15239,root,,2,10072
583470819091415043,14671,view,,2,10068
583470819091415044,14670,root,,2,10068
583470819091415045,14668,dtbank,,2,10068
583470819116580867,14692,view,,2,10064
583470819116580868,14691,root,,2,10064
583470819116580869,14690,dtbank,,2,10064
583470819141746691,15245,view,,2,8040
583470819141746692,15244,sudoroot,,2,8040
583470819141746693,15243,root,,2,8040
583470819166912515,15238,view,,2,8036
583470819166912516,15237,sudoroot,,2,8036
583470819166912517,15236,root,,2,8036
583470819166912518,15234,eams,,2,8036
583470819187884035,14344,was,,2,10528
583470819187884036,14343,view,,2,10528
583470819187884037,14342,sudoroot,,2,10528
583470819187884038,14341,root,,2,10528
583470819213049859,14340,was,,2,10524
583470819213049860,14339,view,,2,10524
583470819213049861,14338,sudoroot,,2,10524
583470819213049862,14337,root,,2,10524
583470819234021379,14386,was,,2,10324
583470819234021380,14385,view,,2,10324
583470819234021381,14384,sudoroot,,2,10324
583470819234021382,14383,root,,2,10324
583470819263381507,14390,was,,2,10216
583470819263381508,14389,view,,2,10216
583470819263381509,14388,sudoroot,,2,10216
583470819263381510,14387,root,,2,10216
583470819284353027,14172,view,,2,9752
583470819284353028,14171,sudoroot,,2,9752
583470819284353029,14170,root,,2,9752
583470819317907459,14191,view,,2,9748
583470819317907460,14190,sudoroot,,2,9748
583470819317907461,14189,root,,2,9748
583470819355656195,14919,view,,2,9756
583470819355656196,14918,sudoroot,,2,9756
583470819355656197,14917,root,,2,9756
583470819355656198,14915,ftppub,,2,9756
583470819355656199,14913,bcmsfe,,2,9756
583470819376627715,13040,view,,2,9316
583470819376627716,13039,sudoroot,,2,9316
583470819376627717,13038,root,,2,9316
583470819376627718,13037,esb,,2,9316
583470819405987843,13036,view,,2,9312
583470819405987844,13035,sudoroot,,2,9312
583470819405987845,13034,root,,2,9312
583470819405987846,13032,esb,,2,9312
583470819426959363,13047,view,,2,9240
583470819426959364,13046,sudoroot,,2,9240
583470819426959365,13045,root,,2,9240
583470819426959366,13044,esb,,2,9240
583470819447930883,13062,view,,2,9236
583470819447930884,13061,sudoroot,,2,9236
583470819447930885,13060,root,,2,9236
583470819447930886,13059,esb,,2,9236
583470819473096707,13055,view,,2,9204
583470819473096708,13054,sudoroot,,2,9204
583470819473096709,13053,root,,2,9204
583470819473096710,13052,esb,,2,9204
583470819498262531,13051,view,,2,9200
583470819498262532,13050,sudoroot,,2,9200
583470819498262533,13049,root,,2,9200
583470819498262534,13048,esb,,2,9200
583470819519234051,13043,view,,2,9196
583470819519234052,13042,sudoroot,,2,9196
583470819519234053,13041,root,,2,9196
583470819544399875,13058,view,,2,9192
583470819544399876,13057,sudoroot,,2,9192
583470819544399877,13056,root,,2,9192
583470819565371395,14212,view,,2,9340
583470819565371396,14211,sudoroot,,2,9340
583470819565371397,14210,root,,2,9340
583470819565371398,14209,oracle,,2,9340
583470819590537219,14216,wbs,,2,9336
583470819590537220,14215,view,,2,9336
583470819590537221,14214,sudoroot,,2,9336
583470819590537222,14213,root,,2,9336
583470819615703043,14908,view,,2,8976
583470819615703044,14907,root,,2,8976
583470819615703045,14906,oracle,,2,8976
583470819615703046,14905,kms,,2,8976
583470819640868867,14912,view,,2,8972
583470819640868868,14911,root,,2,8972
583470819640868869,14910,oracle,,2,8972
583470819640868870,14909,kms,,2,8972
583470819666034691,14221,was,,2,10808
583470819666034692,14220,view,,2,10808
583470819666034693,14219,sudoroot,,2,10808
583470819666034694,14218,root,,2,10808
583470819691200515,14982,wxdb,,2,10428
583470819691200516,14981,view,,2,10428
583470819691200517,14980,sudoroot,,2,10428
583470819691200518,14979,root,,2,10428
583470819712172035,15051,wxdb,,2,10424
583470819712172036,15050,view,,2,10424
583470819712172037,15049,sudoroot,,2,10424
583470819712172038,15048,root,,2,10424
583470819733143555,14515,was,,2,10420
583470819733143556,14514,view,,2,10420
583470819733143557,14513,sudoroot,,2,10420
583470819733143558,14512,root,,2,10420
583470819758309379,14530,was,,2,10416
583470819758309380,14529,view,,2,10416
583470819758309381,14528,sudoroot,,2,10416
583470819758309382,14527,root,,2,10416
583470819783475203,14441,was,,2,10412
583470819783475204,14440,view,,2,10412
583470819783475205,14439,sudoroot,,2,10412
583470819783475206,14438,root,,2,10412
583470819808641027,14483,was,,2,10408
583470819808641028,14482,view,,2,10408
583470819808641029,14481,sudoroot,,2,10408
583470819808641030,14480,root,,2,10408
583470819829612547,14522,view,,2,10152
583470819829612548,14521,sudoroot,,2,10152
583470819829612549,14520,root,,2,10152
583470819879944195,14466,view,,2,10140
583470819884138496,14465,sudoroot,,2,10140
583470819884138497,14464,root,,2,10140
583470819909304323,14463,view,,2,10136
583470819913498624,14462,sudoroot,,2,10136
583470819913498625,14461,root,,2,10136
583470819942858755,14460,sudoroot,,2,10132
583470819942858756,14459,root,,2,10132
583470819972218883,14458,view,,2,10128
583470819972218884,14457,sudoroot,,2,10128
583470819972218885,14456,root,,2,10128
583470820043522051,15037,view,,2,10116
583470820043522052,15036,sudoroot,,2,10116
583470820043522053,15035,root,,2,10116
583470820068687875,14510,view,,2,10096
583470820068687876,14509,sudoroot,,2,10096
583470820068687877,14508,root,,2,10096
583470820102242307,14431,view,,2,10092
583470820102242308,14430,sudoroot,,2,10092
583470820102242309,14429,root,,2,10092
583470820139991043,14428,view,,2,10088
583470820139991044,14427,sudoroot,,2,10088
583470820139991045,14426,root,,2,10088
583470820169351171,14425,sudoroot,,2,10084
583470820169351172,14424,root,,2,10084
583470820198711299,14423,view,,2,10080
583470820198711300,14422,sudoroot,,2,10080
583470820198711301,14421,root,,2,10080
583470820223877123,14969,view,,2,10076
583470820223877124,14968,sudoroot,,2,10076
583470820223877125,14967,root,,2,10076
583470820286791683,15043,view,,2,8044
583470820286791684,15042,sudoroot,,2,8044
583470820286791685,15041,root,,2,8044
583470820286791686,15040,prod,,2,8044
583470820286791687,15039,dbank,,2,8044
583470820286791688,15038,admin,,2,8044
583470820311957507,14978,view,,2,8032
583470820311957508,14977,sudoroot,,2,8032
583470820311957509,14976,root,,2,8032
583470820311957510,14974,prod,,2,8032
583470820311957511,14972,dbank,,2,8032
583470820311957512,14970,admin,,2,8032
583470820345511938,15084,administrator,,2,10943
583470820370677763,13570,view,,2,9408
583470820370677764,13569,sudoroot,,2,9408
583470820370677765,13568,root,,2,9408
583470820395843587,13593,view,,2,9404
583470820395843588,13592,sudoroot,,2,9404
583470820395843589,13591,root,,2,9404
583470820395843590,13589,micro3,,2,9404
583470820421009411,13573,view,,2,9000
583470820421009412,13572,sudoroot,,2,9000
583470820421009413,13571,root,,2,9000
583470820441980931,14695,view,,2,8996
583470820441980932,14694,sudoroot,,2,8996
583470820441980933,14693,root,,2,8996
583470820467146755,13576,view,,2,7781
583470820467146756,13575,sudoroot,,2,7781
583470820467146757,13574,root,,2,7781
583470820488118275,13601,ydfk,,2,7777
583470820488118276,13600,view,,2,7777
583470820488118277,13599,sudoroot,,2,7777
583470820488118278,13598,root,,2,7777
583470820488118279,13597,micro3,,2,7777
583470820488118280,13595,db2ocrm,,2,7777
583470820488118281,13594,db2inst1,,2,7777
583470820509089795,14829,view,,2,9008
583470820509089796,14828,sudoroot,,2,9008
583470820509089797,14827,root,,2,9008
583470820509089798,14826,oracle,,2,9008
583470820534255619,13077,view,,2,9900
583470820534255620,13076,sudoroot,,2,9900
583470820534255621,13075,root,,2,9900
583470820555227139,13067,view,,2,9896
583470820555227140,13066,sudoroot,,2,9896
583470820555227141,13065,root,,2,9896
583470820555227142,13063,posp,,2,9896
583470820580392963,13074,view,,2,9892
583470820580392964,13073,sudoroot,,2,9892
583470820580392965,13072,root,,2,9892
583470820580392966,13071,posp,,2,9892
583470820609753090,13379,view,,2,8001
583470820609753091,13378,sudoroot,,2,8001
583470820609753092,13377,root,,2,8001
583470820634918915,13424,view,,2,7997
583470820634918916,13423,sudoroot,,2,7997
583470820634918917,13422,root,,2,7997
583470820634918918,13421,db2inst1,,2,7997
583470820660084739,14502,was,,2,10768
583470820660084740,14501,view,,2,10768
583470820660084741,14500,sudoroot,,2,10768
583470820660084742,14498,spider,,2,10768
583470820660084743,14497,root,,2,10768
583470820660084744,14495,db2spide,,2,10768
583470820689444867,13943,view,,2,10764
583470820689444868,13942,sudoroot,,2,10764
583470820689444869,13941,root,,2,10764
583470820718804995,13940,was,,2,10760
583470820718804996,13939,view,,2,10760
583470820718804997,13938,sudoroot,,2,10760
583470820718804998,13937,root,,2,10760
583470820718804999,13936,etl,,2,10760
583470820748165123,14000,view,,2,10756
583470820748165124,13999,sudoroot,,2,10756
583470820748165125,13998,root,,2,10756
583470820748165126,13996,ilms,,2,10756
583470820748165127,13994,db2tyjr,,2,10756
583470820748165128,13993,db2fenc1,,2,10756
583470820748165129,13992,dasusr1,,2,10756
583470820785913859,13991,was,,2,10752
583470820785913860,13990,view,,2,10752
583470820785913861,13989,sudoroot,,2,10752
583470820785913862,13988,root,,2,10752
583470820785913863,13987,etl,,2,10752
583470820815273987,13070,view,,2,9608
583470820815273988,13069,sudoroot,,2,9608
583470820815273989,13068,root,,2,9608
583470820844634115,15198,view,,2,9604
583470820844634116,15197,sudoroot,,2,9604
583470820844634117,15196,root,,2,9604
583470820869799939,15217,view,,2,9600
583470820869799940,15216,sudoroot,,2,9600
583470820869799941,15215,root,,2,9600
583470820890771459,14854,view,,2,10604
583470820890771460,14853,sudoroot,,2,10604
583470820890771461,14852,root,,2,10604
583470820915937283,14188,view,,2,9624
583470820915937284,14187,sudoroot,,2,9624
583470820915937285,14186,root,,2,9624
583470820915937286,14184,cisrun,,2,9624
583470820936908802,13774,administrator,,2,11138
583470820957880322,15171,administrator,,2,10877
583470820983046146,15147,administrator,,2,10874
583470821012406274,15146,administrator,,2,10871
583470821041766402,15170,administrator,,2,10868
583470821071126530,15081,administrator,,2,10835
583470821096292355,15144,zzdh,,2,9692
583470821096292356,15143,view,,2,9692
583470821096292357,15142,sudoroot,,2,9692
583470821096292358,15141,root,,2,9692
583470821129846784,15169,zzdh,,2,9688
583470821129846785,15168,view,,2,9688
583470821129846786,15167,sudoroot,,2,9688
583470821129846787,15166,root,,2,9688
583470821159206914,13115,administrator,,2,11006
583470821184372738,13084,administrator,,2,10991
583470821209538562,13104,administrator,,2,10988
583470821234704385,13091,yyxt,,2,9988
583470821234704386,13090,view,,2,9988
583470821234704387,13089,sudoroot,,2,9988
583470821234704388,13088,root,,2,9988
583470821234704389,13086,db2inst1,,2,9988
583470821255675907,13109,yyxt,,2,9984
583470821255675908,13108,view,,2,9984
583470821255675909,13107,sudoroot,,2,9984
583470821255675910,13106,root,,2,9984
583470821255675911,13105,db2inst1,,2,9984
583470821293424643,13097,yyxt,,2,9980
583470821293424644,13096,view,,2,9980
583470821293424645,13095,sudoroot,,2,9980
583470821293424646,13094,root,,2,9980
583470821293424647,13093,db2inst1,,2,9980
583470821322784771,13114,yyxt,,2,9976
583470821322784772,13113,view,,2,9976
583470821322784773,13112,sudoroot,,2,9976
583470821322784774,13111,root,,2,9976
583470821322784775,13110,db2inst1,,2,9976
583470821356339203,13083,view,,2,9972
583470821356339204,13082,sudoroot,,2,9972
583470821356339205,13081,root,,2,9972
583470821385699331,13103,view,,2,9968
583470821385699332,13102,sudoroot,,2,9968
583470821385699333,13101,root,,2,9968
583470821410865155,13080,view,,2,8017
583470821410865156,13079,sudoroot,,2,8017
583470821410865157,13078,root,,2,8017
583470821444419587,13100,view,,2,8013
583470821444419588,13099,sudoroot,,2,8013
583470821444419589,13098,root,,2,8013
583470821477974019,14966,view,,2,10688
583470821477974020,14965,sudoroot,,2,10688
583470821477974021,14964,root,,2,10688
583470821477974022,14962,jfyusr,,2,10688
583470821477974023,14960,epayusr,,2,10688
583470821477974024,14958,emallusr,,2,10688
583470821477974025,14956,db2jfy,,2,10688
583470821477974026,14955,db2fenc1,,2,10688
583470821503139843,14358,was,,2,10680
583470821503139844,14357,view,,2,10680
583470821503139845,14356,sudoroot,,2,10680
583470821503139846,14355,root,,2,10680
583470821528305667,14407,was,,2,10676
583470821528305668,14406,view,,2,10676
583470821528305669,14405,sudoroot,,2,10676
583470821528305670,14404,root,,2,10676
583470821557665795,15034,view,,2,10648
583470821557665796,15033,sudoroot,,2,10648
583470821557665797,15032,root,,2,10648
583470821557665798,15031,jfyusr,,2,10648
583470821557665799,15030,epayusr,,2,10648
583470821557665800,15029,emallusr,,2,10648
583470821557665801,15028,db2jfy,,2,10648
583470821557665802,15027,db2fenc1,,2,10648
583470821582831619,15047,was,,2,10644
583470821582831620,15046,view,,2,10644
583470821582831621,15045,sudoroot,,2,10644
583470821582831622,15044,root,,2,10644
583470821612191747,14258,was,,2,10640
583470821612191748,14257,view,,2,10640
583470821612191749,14256,sudoroot,,2,10640
583470821612191750,14255,root,,2,10640
583470821633163267,14301,was,,2,10636
583470821633163268,14300,view,,2,10636
583470821633163269,14299,sudoroot,,2,10636
583470821633163270,14298,root,,2,10636
583470821654134787,14354,was,,2,10632
583470821654134788,14353,view,,2,10632
583470821654134789,14352,sudoroot,,2,10632
583470821654134790,14351,root,,2,10632
583470821675106307,14403,was,,2,10628
583470821675106308,14402,view,,2,10628
583470821675106309,14401,sudoroot,,2,10628
583470821675106310,14400,root,,2,10628
583470821696077827,14399,view,,2,9364
583470821696077828,14398,sudoroot,,2,9364
583470821696077829,14397,root,,2,9364
583470821717049347,14294,view,,2,9360
583470821717049348,14293,sudoroot,,2,9360
583470821717049349,14292,root,,2,9360
583470821733826563,14382,view,,2,9088
583470821733826564,14381,sudoroot,,2,9088
583470821733826565,14380,root,,2,9088
583470821754798083,14311,view,,2,9084
583470821754798084,14310,sudoroot,,2,9084
583470821754798085,14309,root,,2,9084
583470821771575299,15261,webagent,,2,8116
583470821771575300,15260,view,,2,8116
583470821771575301,15259,sudoroot,,2,8116
583470821771575302,15258,root,,2,8116
583470821771575303,15257,netpay,,2,8116
583470821771575304,15255,jf,,2,8116
583470821796741123,15284,webagent,,2,8112
583470821796741124,15283,view,,2,8112
583470821796741125,15282,sudoroot,,2,8112
583470821796741126,15281,root,,2,8112
583470821796741127,15280,netpay,,2,8112
583470821796741128,15279,jf,,2,8112
583470821821906947,14362,was,,2,10816
583470821821906948,14361,view,,2,10816
583470821821906949,14360,sudoroot,,2,10816
583470821821906950,14359,root,,2,10816
583470821842878467,14412,was,,2,10812
583470821842878468,14411,view,,2,10812
583470821842878469,14410,sudoroot,,2,10812
583470821842878470,14409,root,,2,10812
583470821893210115,13490,view,,2,10712
583470821893210116,13488,vfms,,2,10712
583470821893210117,13487,sudoroot,,2,10712
583470821893210118,13486,root,,2,10712
583470821893210119,13484,db2vfms,,2,10712
583470821893210120,13482,db2fenc1,,2,10712
583470821893210121,13480,dasusr1,,2,10712
583470821918375939,13504,view,,2,10708
583470821918375940,13503,vfms,,2,10708
583470821918375941,13502,sudoroot,,2,10708
583470821918375942,13501,root,,2,10708
583470821918375943,13500,db2vfms,,2,10708
583470821918375944,13499,db2fenc1,,2,10708
583470821918375945,13498,dasusr1,,2,10708
583470821943541763,14271,was,,2,10704
583470821943541764,14270,view,,2,10704
583470821943541765,14269,sudoroot,,2,10704
583470821943541766,14268,root,,2,10704
583470821977096195,14316,was,,2,10700
583470821977096196,14315,view,,2,10700
583470821977096197,14314,sudoroot,,2,10700
583470821977096198,14313,root,,2,10700
583470822010650626,14867,administrator,,2,11087
583470822040010754,14931,administrator,,2,11084
583470822069370883,14938,view,,2,7953
583470822069370884,14937,sudoroot,,2,7953
583470822069370885,14936,root,,2,7953
583470822069370886,14934,gaps32,,2,7953
583470822069370887,14932,frnt,,2,7953
583470822094536707,15004,view,,2,7949
583470822094536708,15003,sudoroot,,2,7949
583470822094536709,15002,root,,2,7949
583470822094536710,15001,gaps32,,2,7949
583470822094536711,14999,fss,,2,7949
583470822094536712,14998,frnt,,2,7949
583470822128091139,14943,view,,2,7945
583470822128091140,14942,sudoroot,,2,7945
583470822128091141,14941,root,,2,7945
583470822128091142,14939,basp,,2,7945
583470822153256963,15008,view,,2,7941
583470822153256964,15007,sudoroot,,2,7941
583470822153256965,15006,root,,2,7941
583470822153256966,15005,basp,,2,7941
583470822186811395,14949,view,,2,7937
583470822186811396,14948,sudoroot,,2,7937
583470822186811397,14947,root,,2,7937
583470822186811398,14946,frnt,,2,7937
583470822186811399,14944,ecsp,,2,7937
583470822220365827,15013,view,,2,7933
583470822220365828,15012,sudoroot,,2,7933
583470822220365829,15011,root,,2,7933
583470822220365830,15010,frnt,,2,7933
583470822220365831,15009,ecsp,,2,7933
583470822258114563,14993,view,,2,8236
583470822258114564,14992,sudoroot,,2,8236
583470822258114565,14991,root,,2,8236
583470822258114566,14990,gaps32,,2,8236
583470822291668995,14065,work,,2,10568
583470822291668996,14064,view,,2,10568
583470822291668997,14063,sudoroot,,2,10568
583470822291668998,14062,root,,2,10568
583470822291668999,14060,report,,2,10568
583470822291669000,14058,metabase,,2,10568
583470822291669001,14056,fmss,,2,10568
583470822291669002,14054,dlt,,2,10568
583470822291669003,14052,db2zzsgl,,2,10568
583470822291669004,14051,db2fenc1,,2,10568
583470822321029123,14151,work,,2,10564
583470822321029124,14150,view,,2,10564
583470822321029125,14149,sudoroot,,2,10564
583470822321029126,14148,root,,2,10564
583470822321029127,14147,report,,2,10564
583470822321029128,14146,metabase,,2,10564
583470822321029129,14145,fmss,,2,10564
583470822321029130,14144,dlt,,2,10564
583470822321029131,14143,db2zzsgl,,2,10564
583470822321029132,14142,db2fenc1,,2,10564
583470822354583555,14050,was,,2,10560
583470822354583556,14049,view,,2,10560
583470822354583557,14048,sudoroot,,2,10560
583470822354583558,14047,root,,2,10560
583470822383943683,14141,work,,2,10556
583470822383943684,14140,was,,2,10556
583470822383943685,14139,view,,2,10556
583470822383943686,14138,sudoroot,,2,10556
583470822383943687,14137,root,,2,10556
583470822383943688,14136,report,,2,10556
583470822383943689,14135,metabase,,2,10556
583470822383943690,14134,fmss,,2,10556
583470822383943691,14133,dlt,,2,10556
583470822417498114,13505,administrator,,2,11051
583470822442663938,13532,administrator,,2,11048
583470822472024067,13531,was,,2,10792
583470822472024068,13530,view,,2,10792
583470822497189891,13521,vtmuser,,2,10344
583470822497189892,13520,view,,2,10344
583470822497189893,13519,sudoroot,,2,10344
583470822497189894,13518,root,,2,10344
583470822526550019,13547,vtmuser,,2,10340
583470822526550020,13546,view,,2,10340
583470822526550021,13545,sudoroot,,2,10340
583470822526550022,13544,root,,2,10340
583470822555910147,13517,was,,2,10336
583470822555910148,13515,vtmuser,,2,10336
583470822555910149,13514,view,,2,10336
583470822555910150,13513,sudoroot,,2,10336
583470822555910151,13512,root,,2,10336
583470822585270275,13543,was,,2,10332
583470822585270276,13542,vtmuser,,2,10332
583470822585270277,13541,view,,2,10332
583470822585270278,13540,sudoroot,,2,10332
583470822585270279,13539,root,,2,10332
583470822614630403,13511,view,,2,9224
583470822614630404,13510,sudoroot,,2,9224
583470822614630405,13509,root,,2,9224
583470822643990531,13538,view,,2,9220
583470822643990532,13537,sudoroot,,2,9220
583470822643990533,13536,root,,2,9220
583470822673350659,13508,view,,2,8148
583470822673350660,13507,sudoroot,,2,8148
583470822673350661,13506,root,,2,8148
583470822702710787,13535,view,,2,8144
583470822702710788,13534,sudoroot,,2,8144
583470822702710789,13533,root,,2,8144
583470822732070915,14449,root,,2,9284
583470822757236739,14067,root,,2,9280
583470822786596867,14153,root,,2,9276
583470822811762690,14152,root,,2,9272
583470822899843075,13690,was,,2,10784
583470822899843076,13689,view,,2,10784
583470822899843077,13688,sudoroot,,2,10784
583470822899843078,13687,root,,2,10784
583470822899843079,13685,gis,,2,10784
583470822899843080,13683,db2gis,,2,10784
583470822933397507,14444,view,,2,10780
583470822933397508,14443,sudoroot,,2,10780
583470822933397509,14442,root,,2,10780
583470822971146243,14494,view,,2,10776
583470822971146244,14493,sudoroot,,2,10776
583470822971146245,14492,root,,2,10776
583470823004700675,13896,view,,2,10004
583470823004700676,13895,sudoroot,,2,10004
583470823004700677,13894,root,,2,10004
583470823088586755,13906,view,,2,10000
583470823088586756,13905,sudoroot,,2,10000
583470823088586757,13904,root,,2,10000
583470823122141187,13899,view,,2,9996
583470823122141188,13898,sudoroot,,2,9996
583470823122141189,13897,root,,2,9996
583470823155695619,13911,view,,2,9992
583470823155695620,13910,sudoroot,,2,9992
583470823155695621,13909,root,,2,9992
583470823155695622,13907,acdusr,,2,9992
583470823185055746,13714,administrator,,2,11063
583470823214415875,13704,view,,2,10440
583470823214415876,13703,sudoroot,,2,10440
583470823214415877,13702,root,,2,10440
583470823239581699,13717,view,,2,10436
583470823239581700,13716,sudoroot,,2,10436
583470823239581701,13715,root,,2,10436
583470823264747523,13713,view,,2,10432
583470823264747524,13712,sudoroot,,2,10432
583470823264747525,13711,root,,2,10432
583470823294107650,13662,administrator,,2,11012
583470823323467778,13614,administrator,,2,10982
583470823352827906,13643,administrator,,2,10979
583470823386382338,13615,administrator,,2,10976
583470823407353858,13644,administrator,,2,10973
583470823436713986,14526,view,,2,10388
583470823436713987,14525,sudoroot,,2,10388
583470823436713988,14524,root,,2,10388
583470823457685507,14479,view,,2,10384
583470823457685508,14478,sudoroot,,2,10384
583470823457685509,14477,root,,2,10384
583470823482851331,13661,view,,2,10380
583470823482851332,13659,tap,,2,10380
583470823482851333,13658,sudoroot,,2,10380
583470823482851334,13657,root,,2,10380
583470823508017154,13621,view,,2,9932
583470823508017155,13620,sudoroot,,2,9932
583470823508017156,13619,root,,2,9932
583470823533182979,13650,view,,2,9928
583470823533182980,13649,sudoroot,,2,9928
583470823533182981,13648,root,,2,9928
583470823558348803,13618,view,,2,9924
583470823558348804,13617,sudoroot,,2,9924
583470823558348805,13616,root,,2,9924
583470823583514627,13647,view,,2,9920
583470823583514628,13646,sudoroot,,2,9920
583470823583514629,13645,root,,2,9920
583470823612874755,13613,view,,2,9916
583470823612874756,13612,sudoroot,,2,9916
583470823612874757,13611,root,,2,9916
583470823638040579,13642,view,,2,9912
583470823638040580,13641,sudoroot,,2,9912
583470823638040581,13640,root,,2,9912
583470823667400707,13639,view,,2,9908
583470823667400708,13638,sudoroot,,2,9908
583470823667400709,13637,root,,2,9908
583470823667400710,13636,etl_load,,2,9908
583470823667400711,13635,etl_ldm,,2,9908
583470823700955139,13634,view,,2,9904
583470823700955140,13633,sudoroot,,2,9904
583470823700955141,13632,root,,2,9904
583470823700955142,13630,etl_load,,2,9904
583470823700955143,13628,etl_ldm,,2,9904
583470823734509571,13624,view,,2,9552
583470823734509572,13623,sudoroot,,2,9552
583470823734509573,13622,root,,2,9552
583470823768064003,13627,view,,2,9548
583470823768064004,13626,sudoroot,,2,9548
583470823768064005,13625,root,,2,9548
583470823797424131,13653,view,,2,9544
583470823797424132,13652,sudoroot,,2,9544
583470823797424133,13651,root,,2,9544
583470823877115907,13656,view,,2,9540
583470823877115908,13655,sudoroot,,2,9540
583470823877115909,13654,root,,2,9540
583470823914864643,14350,view,,2,10212
583470823914864644,14349,sudoroot,,2,10212
583470823914864645,14348,root,,2,10212
583470823940030467,14396,view,,2,10208
583470823940030468,14395,sudoroot,,2,10208
583470823940030469,14394,root,,2,10208
583470823973584899,14251,view,,2,10204
583470823973584900,14250,sudoroot,,2,10204
583470823973584901,14249,root,,2,10204
583470824002945027,14291,view,,2,10200
583470824002945028,14290,sudoroot,,2,10200
583470824002945029,14289,root,,2,10200
583470824019722243,15070,root,,2,9564
583470824049082371,15061,root,,2,9560
583470824091025411,14183,view,,2,9612
583470824091025412,14182,root,,2,9612
583470824116191234,14126,administrator,,2,11027
583470824141357058,14125,administrator,,2,11024
583470824162328579,14733,view,,2,9708
583470824162328580,14732,sudoroot,,2,9708
583470824162328581,14731,root,,2,9708
583470824187494403,14954,view,,2,10320
583470824187494404,14953,sudoroot,,2,10320
583470824187494405,14952,root,,2,10320
583470824187494406,14950,netpay,,2,10320
583470824212660227,15020,view,,2,10316
583470824212660228,15019,sudoroot,,2,10316
583470824212660229,15018,root,,2,10316
583470824212660230,15017,netpay,,2,10316
583470824246214659,15016,view,,2,10312
583470824246214660,15015,sudoroot,,2,10312
583470824246214661,15014,root,,2,10312
583470824271380483,14681,view,,2,10308
583470824271380484,14680,sudoroot,,2,10308
583470824271380485,14679,root,,2,10308
583470824296546307,14711,view,,2,10304
583470824296546308,14710,sudoroot,,2,10304
583470824296546309,14709,root,,2,10304
583470824325906435,14347,view,,2,10300
583470824325906436,14346,sudoroot,,2,10300
583470824325906437,14345,root,,2,10300
583470824355266563,14393,view,,2,10296
583470824355266564,14392,sudoroot,,2,10296
583470824355266565,14391,root,,2,10296
583470824384626691,14245,view,,2,10292
583470824384626692,14244,sudoroot,,2,10292
583470824384626693,14243,root,,2,10292
583470824413986819,14282,view,,2,10288
583470824413986820,14281,sudoroot,,2,10288
583470824413986821,14280,root,,2,10288
583470824439152643,14242,view,,2,10284
583470824439152644,14241,sudoroot,,2,10284
583470824439152645,14240,root,,2,10284
583470824460124163,14276,view,,2,10280
583470824460124164,14275,sudoroot,,2,10280
583470824460124165,14274,root,,2,10280
583470824481095683,14765,was,,2,10656
583470824481095684,14764,view,,2,10656
583470824481095685,14763,sudoroot,,2,10656
583470824481095686,14762,root,,2,10656
583470824497872899,14761,was,,2,10652
583470824497872900,14760,view,,2,10652
583470824497872901,14759,sudoroot,,2,10652
583470824497872902,14758,root,,2,10652
583470824514650115,14751,view,,2,10056
583470824514650116,14750,sudoroot,,2,10056
583470824514650117,14749,root,,2,10056
583470824531427331,14774,view,,2,10052
583470824531427332,14773,sudoroot,,2,10052
583470824531427333,14772,root,,2,10052
583470824548204547,14448,view,,2,9820
583470824548204548,14447,sudoroot,,2,9820
583470824548204549,14446,root,,2,9820
583470824564981763,14866,root,,2,9292
583470824585953283,14930,root,,2,9288
583470824611119107,13351,view,,2,10520
583470824611119108,13350,tkms,,2,10520
583470824611119109,13349,sudoroot,,2,10520
583470824611119110,13348,root,,2,10520
583470824611119111,13347,kms,,2,10520
583470824640479235,13368,view,,2,10516
583470824640479236,13367,tkms,,2,10516
583470824640479237,13366,sudoroot,,2,10516
583470824640479238,13365,root,,2,10516
583470824640479239,13364,kms,,2,10516
583470824669839363,13346,view,,2,10512
583470824669839364,13344,tkms,,2,10512
583470824669839365,13343,sudoroot,,2,10512
583470824669839366,13342,root,,2,10512
583470824669839367,13340,kms,,2,10512
583470824703393795,13363,view,,2,10508
583470824703393796,13362,tkms,,2,10508
583470824703393797,13361,sudoroot,,2,10508
583470824703393798,13360,root,,2,10508
583470824703393799,13359,kms,,2,10508
583470824736948227,15066,root,,2,9660
583470824736948228,15065,kms,,2,9660
583470824770502659,15076,root,,2,9656
583470824770502660,15075,kms,,2,9656
583470824799862787,15273,view,,2,9120
583470824799862788,15272,sudoroot,,2,9120
583470824799862789,15271,root,,2,9120
583470824829222914,13770,administrator,,2,10985
583470824900526083,13769,view,,2,9860
583470824900526084,13768,sudoroot,,2,9860
583470824900526085,13766,sspm,,2,9860
583470824900526086,13765,root,,2,9860
583470824900526087,13763,oracle,,2,9860
583470824925691907,15093,view,,2,9856
583470824925691908,15092,sudoroot,,2,9856
583470824925691909,15091,sspm,,2,9856
583470824925691910,15090,root,,2,9856
583470824925691911,15089,oracle,,2,9856
583470824959246339,14071,was,,2,10728
583470824959246340,14070,view,,2,10728
583470824959246341,14069,sudoroot,,2,10728
583470824959246342,14068,root,,2,10728
583470824988606467,14075,was,,2,10724
583470824988606468,14074,view,,2,10724
583470824988606469,14073,sudoroot,,2,10724
583470824988606470,14072,root,,2,10724
583470825013772291,14081,view,,2,8240
583470825013772292,14080,sudoroot,,2,8240
583470825013772293,14079,root,,2,8240
583470825013772294,14078,ctmagt,,2,8240
583470825013772295,14076,alms,,2,8240
583470825038938114,13753,administrator,,2,11135
583470825059909634,13754,administrator,,2,11102
583470825080881154,13755,administrator,,2,11099
583470825101852674,13756,administrator,,2,11096
583470825118629890,13757,administrator,,2,11093
583470825139601410,15085,administrator,,2,10964
583470825160572930,15103,administrator,,2,10961
583470825177350146,14445,administrator,,2,10958
583470825206710274,15094,administrator,,2,10955
583470825261236224,13773,view,,2,9188
583470825261236225,13772,sudoroot,,2,9188
583470825261236226,13771,root,,2,9188
583470825286402051,13529,view,,2,9184
583470825286402052,13528,sudoroot,,2,9184
583470825286402053,13527,root,,2,9184
583470825311567875,13551,zndt,,2,9180
583470825311567876,13550,view,,2,9180
583470825311567877,13549,sudoroot,,2,9180
583470825311567878,13548,root,,2,9180
583470825336733699,15060,view,,2,9176
583470825336733700,15059,sudoroot,,2,9176
583470825336733701,15058,root,,2,9176
583470825366093827,13555,zndt,,2,9172
583470825366093828,13554,view,,2,9172
583470825366093829,13553,sudoroot,,2,9172
583470825366093830,13552,root,,2,9172
583470825387065347,13779,view,,2,10492
583470825387065348,13778,sudoroot,,2,10492
583470825387065349,13777,root,,2,10492
583470825387065350,13776,easymis,,2,10492
583470825412231171,13813,view,,2,10488
583470825412231172,13812,sudoroot,,2,10488
583470825412231173,13811,root,,2,10488
583470825412231174,13810,easymis,,2,10488
583470825441591299,14175,view,,2,9964
583470825441591300,14174,sudoroot,,2,9964
583470825441591301,14173,root,,2,9964
583470825475145731,14194,view,,2,9960
583470825475145732,14193,sudoroot,,2,9960
583470825475145733,14192,root,,2,9960
583470825504505858,14848,administrator,,2,11090
583470825529671683,14229,view,,2,10716
583470825529671684,14228,sudoroot,,2,10716
583470825529671685,14227,root,,2,10716
583470825563226115,13809,view,,2,10484
583470825563226116,13808,sudoroot,,2,10484
583470825563226117,13807,root,,2,10484
583470825596780547,14824,view,,2,10252
583470825596780548,14823,sudoroot,,2,10252
583470825596780549,14822,root,,2,10252
583470825626140675,14820,view,,2,10024
583470825626140676,14819,sudoroot,,2,10024
583470825626140677,14818,root,,2,10024
583470825663889411,14789,view,,2,10012
583470825663889412,14788,sudoroot,,2,10012
583470825663889413,14787,root,,2,10012
583470825697443843,14286,root,,2,8980
583470825718415363,15082,root,,2,9168
583470825743581187,13833,view,,2,10256
583470825743581188,13832,sudoroot,,2,10256
583470825743581189,13831,root,,2,10256
583470825764552707,13785,view,,2,10192
583470825764552708,13784,sudoroot,,2,10192
583470825764552709,13783,root,,2,10192
583470825789718531,13803,view,,2,9400
583470825789718532,13802,sudoroot,,2,9400
583470825789718533,13801,root,,2,9400
583470825810690051,13818,view,,2,9396
583470825810690052,13817,sudoroot,,2,9396
583470825810690053,13816,root,,2,9396
583470825810690054,13814,cqcs_opt,,2,9396
583470825835855875,15220,view,,2,8992
583470825835855876,15219,sudoroot,,2,8992
583470825835855877,15218,root,,2,8992
583470825861021699,15201,view,,2,8988
583470825861021700,15200,sudoroot,,2,8988
583470825861021701,15199,root,,2,8988
583470825890381827,14802,view,,2,10168
583470825890381828,14801,sudoroot,,2,10168
583470825890381829,14800,root,,2,10168
583470825919741955,14844,wxdb,,2,10164
583470825919741956,14843,view,,2,10164
583470825919741957,14842,sudoroot,,2,10164
583470825919741958,14841,root,,2,10164
583470825949102083,14435,wx,,2,10160
583470825949102084,14434,view,,2,10160
583470825949102085,14433,sudoroot,,2,10160
583470825949102086,14432,root,,2,10160
583470825974267907,14471,yzj,,2,10156
583470825974267908,14470,wx,,2,10156
583470825974267909,14469,view,,2,10156
583470825974267910,14468,sudoroot,,2,10156
583470825974267911,14467,root,,2,10156
583470826007822338,13762,administrator,,2,11144
583470826037182466,14814,administrator,,2,10940
583470826074931202,14825,administrator,,2,10937
583470826104291330,13761,administrator,,2,10832
583470826133651459,13682,root,,2,10020
583470826163011587,14100,view,,2,10008
583470826163011588,14099,sudoroot,,2,10008
583470826163011589,14098,root,,2,10008
583470826196566019,14832,view,,2,9680
583470826196566020,14831,sudoroot,,2,9680
583470826196566021,14830,root,,2,9680
583470826225926147,13759,sudoroot,,2,9424
583470826225926148,13758,root,,2,9424
583470826259480579,15250,view,,2,8176
583470826259480580,15249,sudoroot,,2,8176
583470826259480581,15248,root,,2,8176
583470826288840706,14511,administrator,,2,11042
583470826314006530,14523,administrator,,2,11039
583470826343366658,14753,administrator,,2,10913
583470826372726786,14779,administrator,,2,10910
583470826397892611,13666,was,,2,10328
583470826397892612,13665,view,,2,10328
583470826397892613,13664,sudoroot,,2,10328
583470826397892614,13663,root,,2,10328
583470826431447043,14455,view,,2,10244
583470826431447044,14454,sudoroot,,2,10244
583470826431447045,14453,root,,2,10244
583470826456612867,13671,view,,2,9840
583470826456612868,13670,sudoroot,,2,9840
583470826456612869,13669,root,,2,9840
583470826456612870,13667,db2oa,,2,9840
583470826481778691,13678,view,,2,9836
583470826481778692,13677,sudoroot,,2,9836
583470826481778693,13676,root,,2,9836
583470826481778694,13675,db2inst1,,2,9836
583470826511138819,13674,view,,2,9832
583470826511138820,13673,sudoroot,,2,9832
583470826511138821,13672,root,,2,9832
583470826536304643,14813,view,,2,9420
583470826536304644,14812,sudoroot,,2,9420
583470826536304645,14811,root,,2,9420
583470826561470467,14379,view,,2,9116
583470826561470468,14378,sudoroot,,2,9116
583470826561470469,14377,root,,2,9116
583470826586636290,14437,ssl,,2,8869
583470826611802114,14476,ssl,,2,8866
583470826653745155,14026,view,,2,9940
583470826653745156,14025,sudoroot,,2,9940
583470826653745157,14024,root,,2,9940
583470826653745158,14022,cblms,,2,9940
583470826678910979,14104,view,,2,9936
583470826678910980,14103,sudoroot,,2,9936
583470826678910981,14102,root,,2,9936
583470826678910982,14101,cblms,,2,9936
583470826699882499,14029,view,,2,8009
583470826699882500,14028,sudoroot,,2,8009
583470826699882501,14027,root,,2,8009
583470826729242627,14107,view,,2,8005
583470826729242628,14106,sudoroot,,2,8005
583470826729242629,14105,root,,2,8005
583470826758602755,13730,view,,2,9556
583470826758602756,13729,root,,2,9556
583470826783768579,15102,view,,2,9136
583470826783768580,15101,sudoroot,,2,9136
583470826783768581,15100,root,,2,9136
583470826821517314,13885,administrator,,2,10850
583470826850877442,13879,administrator,,2,10847
583470826884431874,13880,administrator,,2,10844
583470826913792002,13881,administrator,,2,10841
583470826943152130,13875,administrator,,2,10838
583470826976706563,13884,view,,2,10172
583470826976706564,13883,sudoroot,,2,10172
583470826976706565,13882,root,,2,10172
583470827006066691,13888,view,,2,9592
583470827006066692,13887,sudoroot,,2,9592
583470827006066693,13886,root,,2,9592
583470827039621123,13890,view,,2,9588
583470827039621124,13889,root,,2,9588
583470827073175555,13878,view,,2,9584
583470827073175556,13877,sudoroot,,2,9584
583470827073175557,13876,root,,2,9584
583470827106729987,13893,view,,2,9036
583470827106729988,13892,sudoroot,,2,9036
583470827106729989,13891,root,,2,9036
583470827136090115,14783,view,,2,10184
583470827136090116,14782,sudoroot,,2,10184
583470827136090117,14781,root,,2,10184
583470827161255938,14754,administrator,,2,11069
583470827194810370,14082,administrator,,2,11030
583470827219976194,14752,administrator,,2,10859
583470827245142018,14778,administrator,,2,10856
583470827270307843,13806,view,,2,9628
583470827270307844,13805,sudoroot,,2,9628
583470827270307845,13804,root,,2,9628
583470827299667970,13837,administrator,,2,10862
583470827324833795,14689,view,,2,10196
583470827324833796,14688,sudoroot,,2,10196
583470827324833797,14687,root,,2,10196
583470827349999619,13836,view,,2,10188
583470827349999620,13835,sudoroot,,2,10188
583470827349999621,13834,root,,2,10188
583470827375165443,13710,sudoroot,,2,9328
583470827375165444,13709,root,,2,9328
583470827400331267,13708,sudoroot,,2,9324
583470827400331268,13707,root,,2,9324
583470827425497090,13706,sudoroot,,2,9320
583470827425497091,13705,root,,2,9320
583470827450662915,15130,view,,2,9216
583470827450662916,15129,sudoroot,,2,9216
583470827450662917,15128,root,,2,9216
583470827480023043,15127,view,,2,9212
583470827480023044,15126,sudoroot,,2,9212
583470827480023045,15125,root,,2,9212
583470827480023046,15123,igadmin,,2,9212
583470827480023047,15121,dwadmin,,2,9212
583470827480023048,15119,db2pzgl,,2,9212
583470827500994563,15118,view,,2,9208
583470827500994564,15117,sudoroot,,2,9208
583470827500994565,15116,root,,2,9208
583470827530354691,14748,view,,2,9684
583470827530354692,14747,sudoroot,,2,9684
583470827530354693,14746,root,,2,9684
583470827551326211,13800,view,,2,9696
583470827551326212,13799,sudoroot,,2,9696
583470827551326213,13798,root,,2,9696
583470827572297730,14810,administrator,,2,10865
583470827593269251,14771,view,,2,10672
583470827593269252,14770,sudoroot,,2,10672
583470827593269253,14769,root,,2,10672
583470827618435075,14768,view,,2,10668
583470827618435076,14767,sudoroot,,2,10668
583470827618435077,14766,root,,2,10668
583470827643600899,14007,view,,2,10048
583470827643600900,14006,sudoroot,,2,10048
583470827643600901,14005,root,,2,10048
583470827668766723,14014,view,,2,10044
583470827668766724,14013,sudoroot,,2,10044
583470827668766725,14012,root,,2,10044
583470827668766726,14010,pas,,2,10044
583470827668766727,14008,db2csjx,,2,10044
583470827702321155,14085,view,,2,10040
583470827702321156,14084,sudoroot,,2,10040
583470827702321157,14083,root,,2,10040
583470827727486979,14090,view,,2,10036
583470827727486980,14089,sudoroot,,2,10036
583470827727486981,14088,root,,2,10036
583470827727486982,14087,pas,,2,10036
583470827727486983,14086,db2csjx,,2,10036
583470827844927490,14803,administrator,,2,10880
583470827874287619,13830,view,,2,9888
583470827874287620,13829,sudoroot,,2,9888
583470827874287621,13828,root,,2,9888
583470827903647747,13782,view,,2,9884
583470827903647748,13781,sudoroot,,2,9884
583470827903647749,13780,root,,2,9884
583470827928813571,13827,view,,2,9880
583470827928813572,13826,sudoroot,,2,9880
583470827928813573,13825,root,,2,9880
583470827958173699,14112,view,,2,9140
583470827958173700,14111,sudoroot,,2,9140
583470827958173701,14110,root,,2,9140
583470827958173702,14109,ofsaa,,2,9140
583470827958173703,14108,cognos,,2,9140
583470827983339523,14033,view,,2,7993
583470827983339524,14032,sudoroot,,2,7993
583470827983339525,14031,root,,2,7993
583470827983339526,14030,oracle,,2,7993
583470828012699651,14118,view,,2,7989
583470828012699652,14117,sudoroot,,2,7989
583470828012699653,14116,root,,2,7989
583470828012699654,14115,oracle,,2,7989
583470828012699655,14113,lnpoc,,2,7989
583470828037865475,14046,view,,2,7869
583470828037865476,14044,tomcat,,2,7869
583470828037865477,14043,sudoroot,,2,7869
583470828037865478,14042,root,,2,7869
583470828037865479,14040,oracleclient,,2,7869
583470828037865480,14039,oracle,,2,7869
583470828037865481,14037,ofsaa,,2,7869
583470828037865482,14035,csma,,2,7869
583470828037865483,14034,cognos,,2,7869
583470828067225603,14124,view,,2,7865
583470828067225604,14123,sudoroot,,2,7865
583470828067225605,14122,root,,2,7865
583470828067225606,14121,oracle,,2,7865
583470828067225607,14120,ofsaa,,2,7865
583470828067225608,14119,csma,,2,7865
583470828100780035,14796,view,,2,10744
583470828100780036,14795,sudoroot,,2,10744
583470828100780037,14794,root,,2,10744
583470828100780038,14792,db2flsnp,,2,10744
583470828100780039,14791,db2fenc1,,2,10744
583470828100780040,14790,dasusr1,,2,10744
583470828130140163,14675,was,,2,10740
583470828130140164,14674,view,,2,10740
583470828130140165,14673,sudoroot,,2,10740
583470828130140166,14672,root,,2,10740
583470828159500291,14837,view,,2,10576
583470828159500292,14836,sudoroot,,2,10576
583470828159500293,14835,root,,2,10576
583470828159500294,14833,irs,,2,10576
583470828188860419,14699,was,,2,10572
583470828188860420,14698,view,,2,10572
583470828188860421,14697,sudoroot,,2,10572
583470828188860422,14696,root,,2,10572
583470828218220547,13797,view,,2,9044
583470828218220548,13796,sudoroot,,2,9044
583470828218220549,13795,root,,2,9044
583470828243386371,14777,view,,2,9040
583470828243386372,14776,sudoroot,,2,9040
583470828243386373,14775,root,,2,9040
583470828272746499,14021,view,,2,10376
583470828272746500,14020,sudoroot,,2,10376
583470828272746501,14019,root,,2,10376
583470828302106627,14097,view,,2,10372
583470828302106628,14096,sudoroot,,2,10372
583470828302106629,14095,root,,2,10372
583470828335661058,14018,was,,2,10368
583470828335661059,14017,view,,2,10368
583470828335661060,14016,sudoroot,,2,10368
583470828335661061,14015,root,,2,10368
583470828360826883,14094,was,,2,10364
583470828360826884,14093,view,,2,10364
583470828360826885,14092,sudoroot,,2,10364
583470828360826886,14091,root,,2,10364
583470828390187011,14786,view,,2,7929
583470828390187012,14785,sudoroot,,2,7929
583470828390187013,14784,root,,2,7929
583470828415352835,14757,view,,2,7925
583470828415352836,14756,sudoroot,,2,7925
583470828415352837,14755,root,,2,7925
583470828436324354,15110,administrator,,2,10928
583470828461490178,15111,administrator,,2,10925
583470828482461698,15112,administrator,,2,10922
583470828503433219,13701,view,,2,9352
583470828503433220,13700,sudoroot,,2,9352
583470828503433221,13699,root,,2,9352
583470828524404739,13692,sudoroot,,2,9296
583470828524404740,13691,root,,2,9296
583470828549570563,14486,view,,2,9264
583470828549570564,14485,sudoroot,,2,9264
583470828549570565,14484,root,,2,9264
583470828566347779,15136,view,,2,9260
583470828566347780,15135,sudoroot,,2,9260
583470828566347781,15134,root,,2,9260
583470828591513603,15133,view,,2,9256
583470828591513604,15132,sudoroot,,2,9256
583470828591513605,15131,root,,2,9256
583470828620873731,15115,view,,2,9160
583470828620873732,15114,sudoroot,,2,9160
583470828620873733,15113,root,,2,9160
583470828650233859,13695,view,,2,9156
583470828650233860,13694,sudoroot,,2,9156
583470828650233861,13693,root,,2,9156
583470828675399683,13698,view,,2,9152
583470828675399684,13697,sudoroot,,2,9152
583470828675399685,13696,root,,2,9152
583470828729925635,15106,view,,2,9108
583470828729925636,15105,sudoroot,,2,9108
583470828729925637,15104,root,,2,9108
583470828797034499,13921,view,,2,10396
583470828797034500,13920,sudoroot,,2,10396
583470828797034501,13919,root,,2,10396
583470828830588931,13971,view,,2,10392
583470828830588932,13970,sudoroot,,2,10392
583470828830588933,13969,root,,2,10392
583470828864143363,15109,view,,2,9268
583470828864143364,15108,sudoroot,,2,9268
583470828864143365,15107,root,,2,9268
583470828906086403,13946,view,,2,9128
583470828906086404,13945,sudoroot,,2,9128
583470828906086405,13944,root,,2,9128
583470828931252227,13949,view,,2,9124
583470828931252228,13948,sudoroot,,2,9124
583470828931252229,13947,root,,2,9124
583470828960612355,13955,view,,2,8208
583470828960612356,13954,use,,2,8208
583470828960612357,13953,sudoroot,,2,8208
583470828960612358,13952,root,,2,8208
583470828960612359,13950,csods,,2,8208
583470829036109827,13961,view,,2,8204
583470829036109828,13960,use,,2,8204
583470829036109829,13959,sudoroot,,2,8204
583470829036109830,13958,root,,2,8204
583470829036109831,13956,cscrm,,2,8204
583470829073858563,15278,view,,2,8172
583470829073858564,15277,use,,2,8172
583470829073858565,15276,sudoroot,,2,8172
583470829073858566,15275,root,,2,8172
583470829073858567,15274,csods,,2,8172
583470829111607299,13965,view,,2,7973
583470829111607300,13964,use,,2,7973
583470829111607301,13963,sudoroot,,2,7973
583470829111607302,13962,root,,2,7973
583470829157744643,15294,view,,2,7969
583470829157744644,15293,use,,2,7969
583470829157744645,15292,sudoroot,,2,7969
583470829157744646,15291,root,,2,7969
583470829157744647,15290,cscrm,,2,7969
583470829187104771,15289,view,,2,7965
583470829187104772,15288,use,,2,7965
583470829187104773,15287,sudoroot,,2,7965
583470829187104774,15286,root,,2,7965
583470829187104775,15285,csods,,2,7965
583470829212270594,14847,administrator,,2,11057
583470829233242114,13775,administrator,,2,10970
583470829258407939,15231,view,,2,10452
583470829258407940,15230,root,,2,10452
583470829258407941,15229,abs,,2,10452
583470829283573762,15228,view,,2,10448
583470829283573763,15227,root,,2,10448
583470829304545283,15226,view,,2,9944
583470829304545284,15225,root,,2,9944
583470829338099714,15304,view,,2,8021
583470829338099715,15303,sudoroot,,2,8021
583470829338099716,15302,root,,2,8021
583470829359071235,15301,view,,2,7985
583470829359071236,15300,sudoroot,,2,7985
583470829359071237,15299,root,,2,7985
583470829384237059,14846,root,,2,9248
583470829405208579,14799,view,,2,9148
583470829405208580,14798,sudoroot,,2,9148
583470829405208581,14797,root,,2,9148
583470829426180099,14840,view,,2,9144
583470829426180100,14839,sudoroot,,2,9144
583470829426180101,14838,root,,2,9144
583470829447151619,14491,view,,2,10612
583470829447151620,14490,sudoroot,,2,10612
583470829447151621,14489,root,,2,10612
583470829447151622,14487,nginx,,2,10612
583470829472317443,14534,view,,2,10608
583470829472317444,14533,sudoroot,,2,10608
583470829472317445,14532,root,,2,10608
583470829472317446,14531,nginx,,2,10608
583470829497483267,14279,view,,2,9252
583470829497483268,14278,sudoroot,,2,9252
583470829497483269,14277,root,,2,9252
583470829526843394,13986,administrator,,2,11105
583470829552009219,13794,view,,2,10736
583470829552009220,13793,sudoroot,,2,10736
583470829552009221,13791,sam,,2,10736
583470829552009222,13790,root,,2,10736
583470829552009223,13788,db2sam,,2,10736
583470829552009224,13787,db2fenc1,,2,10736
583470829552009225,13786,dasusr1,,2,10736
583470829581369347,14166,view,,2,10804
583470829581369348,14165,sudoroot,,2,10804
583470829581369349,14164,root,,2,10804
583470829581369350,14162,db2sj,,2,10804
583470829581369351,14161,db2fenc1,,2,10804
583470829581369352,14160,dasusr1,,2,10804
583470829581369353,14158,ctaudit,,2,10804
583470829623312387,14157,was,,2,10800
583470829623312388,14156,view,,2,10800
583470829623312389,14155,sudoroot,,2,10800
583470829623312390,14154,root,,2,10800
583470829661061123,14129,view,,2,9016
583470829661061124,14128,sudoroot,,2,9016
583470829661061125,14127,root,,2,9016
583470829698809859,14132,view,,2,7809
583470829698809860,14131,sudoroot,,2,7809
583470829698809861,14130,root,,2,7809
583470829728169987,14181,view,,2,10248
583470829728169988,14180,sudoroot,,2,10248
583470829728169989,14179,root,,2,10248
583470829761724418,14808,YQCKFILE,,2,11075
583470829761724419,14807,administrator,,2,11075
583470829799473154,15095,administrator,,2,11060
583470829828833282,13749,xindai,,2,11129
583470829862387714,13745,waiwei,,2,11126
583470829895942146,13747,qudao,,2,11123
583470829925302274,13743,qianzhi,,2,11120
583470829954662402,13741,hexin,,2,11117
583470829992411139,13918,view,,2,9704
583470829992411140,13917,sudoroot,,2,9704
583470829992411141,13916,root,,2,9704
583470830046937090,13968,view,,2,9700
583470830046937091,13967,sudoroot,,2,9700
583470830046937092,13966,root,,2,9700
583470830084685827,13930,was,,2,10360
583470830084685828,13929,view,,2,10360
583470830084685829,13928,sudoroot,,2,10360
583470830084685830,13927,root,,2,10360
583470830118240259,13979,was,,2,10356
583470830118240260,13978,view,,2,10356
583470830118240261,13977,sudoroot,,2,10356
583470830118240262,13976,root,,2,10356
583470830155988995,13935,view,,2,10352
583470830155988996,13933,use,,2,10352
583470830155988997,13932,sudoroot,,2,10352
583470830155988998,13931,root,,2,10352
583470830193737731,13985,view,,2,10348
583470830193737732,13984,use,,2,10348
583470830193737733,13983,sudoroot,,2,10348
583470830193737734,13982,root,,2,10348
583470830193737735,13980,ccrm,,2,10348
583470830231486467,13926,view,,2,9232
583470830231486468,13925,sudoroot,,2,9232
583470830231486469,13924,root,,2,9232
583470830231486470,13922,cognos,,2,9232
583470830273429507,13975,view,,2,9228
583470830273429508,13974,use,,2,9228
583470830273429509,13973,root,,2,9228
583470830273429510,13972,cognos,,2,9228
583470830311178243,14667,view,,2,9736
583470830311178244,14666,sudoroot,,2,9736
583470830311178245,14665,root,,2,9736
583470830344732675,14686,view,,2,9732
583470830344732676,14685,sudoroot,,2,9732
583470830344732677,14684,root,,2,9732
583470830378287107,14988,view,,2,9728
583470830378287108,14987,sudoroot,,2,9728
583470830378287109,14986,root,,2,9728
583470830416035843,15057,view,,2,9724
583470830416035844,15056,sudoroot,,2,9724
583470830416035845,15055,root,,2,9724
583470830457978883,15083,root,,2,9356
583470830495727619,13719,sudoroot,,2,9332
583470830495727620,13718,root,,2,9332
583470830533476355,15139,view,,2,9308
583470830533476356,15138,sudoroot,,2,9308
583470830533476357,15137,root,,2,9308
583470830588002307,13725,view,,2,9304
583470830588002308,13724,sudoroot,,2,9304
583470830588002309,13723,root,,2,9304
583470830629945347,13722,view,,2,9300
583470830629945348,13721,sudoroot,,2,9300
583470830629945349,13720,root,,2,9300
583470830697054211,13728,view,,2,8968
583470830697054212,13727,sudoroot,,2,8968
583470830697054213,13726,root,,2,8968
583470830734802947,13681,view,,2,10276
583470830734802948,13680,sudoroot,,2,10276
583470830734802949,13679,root,,2,10276
583470830768357378,15080,administrator,,2,11036
583470830797717506,15087,administrator,,2,11033
