583470800099606528,4119,21,FTP,4113
583470800112189440,4118,80,HTTP,4113
583470800116383744,4117,443,HTTPS,4113
583470800116383745,4116,3389,RDP,4113
583470800116383746,4115,50000,DB2,4113
583470800116383747,4114,1433,SQL Server,4113
583470800615505921,4107,22,SSH,4104
583470800615505922,4106,22,SFTP,4104
583470800615505923,4105,1521,ORACLE,4104
583470800791666689,15624,3389,RDP,15622
583470800862969857,15620,22,SFTP,15616
583470800862969858,15618,22,SSH,15616
583470800917495809,15612,22,SSH,15609
583470800917495810,15611,22,SFTP,15609
583470800997187585,15547,22,SSH,15542
583470800997187586,15546,21,FTP,15542
583470801005576192,15545,22,SFTP,15542
583470801110433793,15687,300,ie,15526
583470801110433794,15533,22,SFTP,15526
583470801123016704,15531,22,SSH,15526
583470801232068608,11142,3389,RDP,11141
583470801332731905,11133,3389,RDP,11132
583470801399840769,11115,3389,RDP,11114
583470801471143937,11112,3389,RDP,11111
583470801517281281,11109,3389,RDP,11108
583470801559224321,11079,3389,RDP,11078
583470801601167360,11067,3389,RDP,11066
583470801651499009,11019,3389,RDP,11018
583470801693442049,11016,3389,RDP,11015
583470801726996481,10774,22,SFTP,10772
583470801726996482,10773,22,SSH,10772
583470801773133825,10750,22,SFTP,10748
583470801773133826,10749,22,SSH,10748
583470801819271169,10182,22,SFTP,10180
583470801819271170,10181,22,SSH,10180
583470801861214209,9598,22,SFTP,9596
583470801861214210,9597,22,SSH,9596
583470801940905985,8253,22,SSH,8252
583470801957683201,8826,22,SSH,8825
583470801991237633,8823,22,SSH,8822
583470802028986369,8787,22,SSH,8786
583470802049957889,8763,22,SSH,8762
583470802066735105,8760,22,SSH,8759
583470802091900929,8757,22,SSH,8756
583470802112872449,8697,22,SSH,8696
583470802138038273,8694,22,SSH,8693
583470802175787009,8691,22,SSH,8690
583470802213535745,8682,22,SSH,8681
583470802230312961,8679,22,SSH,8678
583470802272256001,8676,22,SSH,8675
583470802305810433,8595,22,SSH,8594
583470802351947777,8592,22,SSH,8591
583470802393890817,8589,22,SSH,8588
583470802435833857,8586,22,SSH,8585
583470802469388289,8583,22,SSH,8582
583470802490359809,8580,22,SSH,8579
583470802515525633,8493,22,SSH,8492
583470802532302849,8490,22,SSH,8489
583470802544885761,8487,22,SSH,8486
583470802574245889,8466,22,SSH,8465
583470802599411713,8454,22,SSH,8453
583470802637160449,8448,22,SSH,8447
583470802653937665,8445,22,SSH,8444
583470802674909185,8442,22,SSH,8441
583470802704269313,8439,22,SSH,8438
583470802733629441,8436,22,SSH,8435
583470802767183873,8433,22,SSH,8432
583470802804932609,8430,23,TELNET,8429
583470802842681345,8427,22,SSH,8426
583470802867847169,8424,22,SSH,8423
583470802897207296,8421,22,SSH,8420
583470802926567425,8418,22,SSH,8417
583470802964316161,8415,22,SSH,8414
583470803031425025,8412,22,SSH,8411
583470803073368065,8385,22,SSH,8384
583470803102728193,8382,22,SSH,8381
583470803132088321,8376,22,SSH,8375
583470803157254145,8367,22,SSH,8366
583470803186614273,8355,22,SSH,8354
583470803211780097,8352,22,SSH,8351
583470803236945921,8616,22,SSH,8615
583470803283083265,8577,22,SSH,8576
583470803325026305,8574,22,SSH,8573
583470803366969345,8571,22,SSH,8570
583470803404718081,8568,22,SSH,8567
583470803455049729,8565,22,SSH,8564
583470803492798465,8562,22,SSH,8561
583470803530547201,8559,22,SSH,8558
583470803564101633,8556,22,SSH,8555
583470803593461761,8553,22,SSH,8552
583470803631210497,8550,22,SSH,8549
583470803668959233,8547,22,SSH,8546
583470803710902273,8544,22,SSH,8543
583470803790594049,8541,22,SSH,8540
583470803845120001,8538,22,SSH,8537
583470803891257344,8535,22,SSH,8534
583470803937394688,8532,22,SSH,8531
583470804071612417,8529,22,SSH,8528
583470804113555457,8526,22,SSH,8525
583470804163887105,8523,22,SSH,8522
583470804201635841,8520,22,SSH,8519
583470804247773185,8517,22,SSH,8516
583470804293910529,8514,22,SSH,8513
583470804340047873,8511,22,SSH,8510
583470804432322561,8508,22,SSH,8507
583470804574928897,8505,22,SSH,8504
583470804851752961,8502,22,SSH,8501
583470805027913729,8499,22,SSH,8498
583470805065662465,8496,22,SSH,8495
583470805103411201,8829,22,SSH,8828
583470805170520065,8754,22,SSH,8753
583470805204074497,8751,22,SSH,8750
583470805233434625,8748,22,SSH,8747
583470805275377665,8712,22,SSH,8711
583470805300543489,8709,22,SSH,8708
583470805329903617,8688,22,SSH,8687
583470805350875137,8619,22,SSH,8618
583470805392818177,8610,22,SSH,8609
583470805430566913,8607,22,SSH,8606
583470805464121345,8604,23,TELNET,8603
583470805510258689,8601,22,SSH,8600
583470805556396033,8598,22,SSH,8597
583470805598339073,8478,22,SSH,8477
583470805623504897,8475,22,SSH,8474
583470805661253633,8472,22,SSH,8471
583470805694808065,8463,22,SSH,8462
583470805724168193,8373,22,SSH,8372
583470805753528321,8361,22,SSH,8360
583470805791277057,8745,22,SSH,8744
583470805816442881,8742,22,SSH,8741
583470805837414401,8739,22,SSH,8738
583470805879357440,8706,22,SSH,8705
583470805963243521,8703,22,SSH,8702
583470805992603649,8700,22,SSH,8699
583470806026158081,8685,22,SSH,8684
583470806063906817,8484,22,SSH,8483
583470806084878337,8481,22,SSH,8480
583470806105849857,8469,22,SSH,8468
583470806869213185,8460,22,SSH,8459
583470806911156225,8457,22,SSH,8456
583470806948904961,8370,22,SSH,8369
583470806978265088,8358,22,SSH,8357
583470806999236609,8808,22,SSH,8807
583470807032791041,8784,22,SSH,8783
583470807062151169,8673,22,SSH,8672
583470807104094209,8649,22,SSH,8648
583470807146037249,8409,22,SSH,8408
583470807183785985,8406,22,SSH,8405
583470807255089153,8403,22,SSH,8402
583470807297032193,8400,23,TELNET,8399
583470807351558145,8397,22,SSH,8396
583470807393501185,8394,22,SSH,8393
583470807431249921,8391,22,SSH,8390
583470807468998657,8963,22,SSH,8962
583470807494164481,8832,22,SSH,8831
583470807531913217,8613,22,SSH,8612
583470807594827777,8451,22,SSH,8450
583470807636770817,8256,22,SSH,8255
583470807674519553,8364,22,SSH,8363
583470807699685377,8349,22,SSH,8348
583470807724851201,8328,22,SSH,8327
583470807762599937,8325,22,SSH,8324
583470807800348673,8322,22,SSH,8321
583470807833903105,8319,22,SSH,8318
583470807867457537,8316,22,SSH,8315
583470807905206273,8313,22,SSH,8312
583470807947149313,8310,22,SSH,8309
583470807997480961,8307,22,SSH,8306
583470808068784129,8304,22,SSH,8303
583470808123310081,8301,22,SSH,8300
583470808161058817,8298,22,SSH,8297
583470808203001857,8295,22,SSH,8294
583470808236556289,8292,22,SSH,8291
583470808274305025,8289,22,SSH,8288
583470808312053761,8286,22,SSH,8285
583470808349802497,8283,22,SSH,8282
583470808387551233,8280,22,SSH,8279
583470808429494273,8277,22,SSH,8276
583470808467243009,8274,22,SSH,8273
583470808500797441,8271,23,TELNET,8270
583470808538546177,8268,23,TELNET,8267
583470808572100609,8265,23,TELNET,8264
583470808601460737,8262,23,TELNET,8261
583470808635015169,8259,23,TELNET,8258
583470808668569601,8820,22,SSH,8819
583470808693735424,8817,22,SSH,8816
583470808710512641,8814,22,SSH,8813
583470808731484161,8811,22,SSH,8810
583470808748261377,8793,22,SSH,8792
583470808765038593,8790,22,SSH,8789
583470808777621505,8769,22,SSH,8768
583470808794398721,8766,22,SSH,8765
583470808806981633,8736,22,SSH,8735
583470808819564545,8733,22,SSH,8732
583470808836341761,8730,22,SSH,8729
583470808853118977,8727,22,SSH,8726
583470808869896193,8724,22,SSH,8723
583470808886673409,8721,22,SSH,8720
583470808899256321,8718,22,SSH,8717
583470808920227841,8715,22,SSH,8714
583470808945393665,8652,22,SSH,8651
583470808970559489,8628,22,SSH,8627
583470809008308225,8622,22,SSH,8621
583470809046056961,8340,22,SSH,8339
583470809079611393,8331,22,SSH,8330
583470809113165825,8802,22,SSH,8801
583470809129943041,8799,22,SSH,8798
583470809155108865,8796,22,SSH,8795
583470809176080385,8772,22,SSH,8771
583470809197051905,8661,22,SSH,8660
583470809222217729,8658,22,SSH,8657
583470809238994945,8655,22,SSH,8654
583470809255772161,8631,22,SSH,8630
583470809268355073,8625,22,SSH,8624
583470809280937985,8388,22,SSH,8387
583470809297715201,8343,22,SSH,8342
583470809322881025,8334,22,SSH,8333
583470809352241153,8805,22,SSH,8804
583470809369018369,8781,22,SSH,8780
583470809385795585,8778,22,SSH,8777
583470809402572801,8775,22,SSH,8774
583470809419350017,8670,22,SSH,8669
583470809448710145,8667,22,SSH,8666
583470809469681665,8664,22,SSH,8663
583470809490653185,8646,22,SSH,8645
583470809507430401,8643,22,SSH,8642
583470809528401921,8640,22,SSH,8639
583470809549373441,8637,22,SSH,8636
583470809566150657,8634,22,SSH,8633
583470809587122177,8379,22,SSH,8378
583470809603899393,8346,22,SSH,8345
583470809629065217,8337,22,SSH,8336
583470809658425345,7775,22,SSH,7774
583470809687785473,7772,22,SSH,7771
583470809717145601,8190,22,SFTP,8188
583470809717145602,8189,22,SSH,8188
583470809746505729,8186,22,SFTP,8184
583470809746505730,8185,22,SSH,8184
583470809775865857,10242,22,SFTP,10240
583470809775865858,10241,22,SSH,10240
583470809809420289,10238,22,SFTP,10236
583470809809420290,10237,22,SSH,10236
583470809851363329,10234,22,SFTP,10232
583470809851363330,10233,22,SSH,10232
583470809893306369,10230,22,SFTP,10228
583470809893306370,10229,22,SSH,10228
583470809931055105,10226,22,SFTP,10224
583470809931055106,10225,22,SSH,10224
583470809964609537,10222,22,SFTP,10220
583470809964609538,10221,22,SSH,10220
583470809998163969,10722,22,SFTP,10720
583470809998163970,10721,22,SSH,10720
583470810035912705,9386,22,SFTP,9384
583470810035912706,9385,22,SSH,9384
583470810061078529,8070,22,SFTP,8068
583470810061078530,8069,22,SSH,8068
583470810094632961,8066,22,SFTP,8064
583470810094632962,8065,22,SSH,8064
583470810128187393,9806,22,SFTP,9804
583470810128187394,9805,22,SSH,9804
583470810149158912,9802,22,SFTP,9800
583470810149158913,9801,22,SSH,9800
583470810165936129,9798,22,SFTP,9796
583470810165936130,9797,22,SSH,9796
583470810191101953,9794,22,SFTP,9792
583470810191101954,9793,22,SSH,9792
583470810216267777,9790,22,SFTP,9788
583470810216267778,9789,22,SSH,9788
583470810254016513,9786,22,SFTP,9784
583470810254016514,9785,22,SSH,9784
583470810295959553,8162,22,SFTP,8160
583470810295959554,8161,22,SSH,8160
583470810346291201,8158,22,SFTP,8156
583470810346291202,8157,22,SSH,8156
583470810384039937,7923,22,SFTP,7921
583470810384039938,7922,22,SSH,7921
583470810417594369,7919,22,SFTP,7917
583470810417594370,7918,22,SSH,7917
583470810455343105,7915,22,SFTP,7913
583470810455343106,7914,22,SSH,7913
583470810501480449,7911,22,SFTP,7909
583470810501480450,7910,22,SSH,7909
583470810539229185,7907,22,SFTP,7905
583470810539229186,7906,22,SSH,7905
583470810572783617,7903,22,SFTP,7901
583470810572783618,7902,22,SSH,7901
583470810610532353,7899,22,SFTP,7897
583470810610532354,7898,22,SSH,7897
583470810648281089,7895,22,SFTP,7893
583470810648281090,7894,22,SSH,7893
583470810681835521,11055,3389,RDP,11054
583470810719584257,10917,3389,RDP,10916
583470810757332993,9246,22,SFTP,9244
583470810757332994,9245,22,SSH,9244
583470810811858944,9094,22,SFTP,9092
583470810811858945,9093,22,SSH,9092
583470810862190593,8250,22,SFTP,8248
583470810862190594,8249,22,SSH,8248
583470810933493761,8246,22,SFTP,8244
583470810933493762,8245,22,SSH,8244
583470810975436801,8154,22,SFTP,8152
583470810975436802,8153,22,SSH,8152
583470811013185537,7891,22,SFTP,7889
583470811013185538,7890,22,SSH,7889
583470811046739969,9774,22,SFTP,9772
583470811046739970,9773,22,SSH,9772
583470811080294401,9770,22,SFTP,9768
583470811080294402,9769,22,SSH,9768
583470811109654529,8846,60022,HTTP,8845
583470811151597569,8843,60022,HTTP,8842
583470811193540609,7887,22,SFTP,7885
583470811193540610,7886,22,SSH,7885
583470811239677953,7883,22,SFTP,7881
583470811239677954,7882,22,SSH,7881
583470811290009601,7879,22,SFTP,7877
583470811290009602,7878,22,SSH,7877
583470811331952641,7875,22,SFTP,7873
583470811331952642,7874,22,SSH,7873
583470811365507073,10590,22,SFTP,10588
583470811365507074,10589,22,SSH,10588
583470811432615937,10586,22,SFTP,10584
583470811432615938,10585,22,SSH,10584
583470811461976065,10582,22,SFTP,10580
583470811461976066,10581,22,SSH,10580
583470811495530497,8226,22,SFTP,8224
583470811495530498,8225,22,SSH,8224
583470811533279233,8222,22,SFTP,8220
583470811533279234,8221,22,SSH,8220
583470811583610881,9106,22,SFTP,9104
583470811583610882,9105,22,SSH,9104
583470811726217217,9102,22,SFTP,9100
583470811726217218,9101,22,SSH,9100
583470811759771649,10502,22,SFTP,10500
583470811759771650,10501,22,SSH,10500
583470811793326080,10498,22,SFTP,10496
583470811793326081,10497,22,SSH,10496
583470811831074817,9766,22,SFTP,9764
583470811831074818,9765,22,SSH,9764
583470811864629249,9762,22,SFTP,9760
583470811864629250,9761,22,SSH,9760
583470811889795073,10920,3389,RDP,10919
583470811919155201,9098,22,SFTP,9096
583470811919155202,9097,22,SSH,9096
583470811952709633,9818,22,SFTP,9816
583470811952709634,9817,22,SSH,9816
583470811986264065,9814,22,SFTP,9812
583470811986264066,9813,22,SSH,9812
583470812015624193,9810,22,SFTP,9808
583470812015624194,9809,22,SSH,9808
583470812053372929,9782,22,SFTP,9780
583470812053372930,9781,22,SSH,9780
583470812078538753,9778,22,SFTP,9776
583470812078538754,9777,22,SSH,9776
583470812116287488,10686,22,SFTP,10684
583470812116287489,10685,22,SSH,10684
583470812158230529,10506,22,SFTP,10504
583470812158230530,10505,22,SSH,10504
583470812195979265,10538,22,SFTP,10536
583470812195979266,10537,22,SSH,10536
583470812237922305,10534,22,SFTP,10532
583470812237922306,10533,22,SSH,10532
583470812275671041,11022,3389,RDP,11021
583470812309225473,11004,3389,RDP,11003
583470812346974209,11001,3389,RDP,11000
583470812376334337,10598,22,SFTP,10596
583470812376334338,10597,22,SSH,10596
583470812405694465,10594,22,SFTP,10592
583470812405694466,10593,22,SSH,10592
583470812502163457,15826,300,12,11009
583470812502163458,15822,301,ie,11009
583470812502163459,15819,300,1,11009
583470812502163460,11010,3389,RDP,11009
583470812523134977,10968,3389,RDP,10967
583470812552495105,10824,3389,RDP,10823
583470812586049537,10821,3389,RDP,10820
583470812623798273,9950,22,SFTP,9948
583470812623798274,9949,22,SSH,9948
583470812653158401,9166,22,SFTP,9164
583470812653158402,9165,22,SSH,9164
583470812682518529,9082,22,SFTP,9080
583470812682518530,9081,22,SSH,9080
583470812699295745,9078,22,SFTP,9076
583470812699295746,9077,22,SSH,9076
583470812716072961,8058,22,SFTP,8056
583470812716072962,8057,22,SSH,8056
583470812745433089,8030,22,SFTP,8028
583470812745433090,8029,22,SSH,8028
583470812774793217,8026,22,SFTP,8024
583470812774793218,8025,22,SSH,8024
583470812799959041,10734,22,SFTP,10732
583470812799959042,10733,22,SSH,10732
583470812833513473,10698,22,SFTP,10696
583470812833513474,10697,22,SSH,10696
583470812867067905,10694,22,SFTP,10692
583470812867067906,10693,22,SSH,10692
583470812892233729,9878,22,SFTP,9876
583470812892233730,9877,22,SSH,9876
583470812921593857,9874,22,SFTP,9872
583470812921593858,9873,22,SSH,9872
583470812942565377,9870,22,SFTP,9868
583470812942565378,9869,22,SSH,9868
583470812976119809,9866,22,SFTP,9864
583470812976119810,9865,22,SSH,9864
583470813009674241,9654,22,SFTP,9652
583470813009674242,9653,22,SSH,9652
583470813043228673,9650,22,SFTP,9648
583470813043228674,9649,22,SSH,9648
583470813072588801,9646,22,SFTP,9644
583470813072588802,9645,22,SSH,9644
583470813101948929,9642,22,SFTP,9640
583470813101948930,9641,22,SSH,9640
583470813127114753,9534,22,SFTP,9532
583470813127114754,9533,22,SSH,9532
583470813156474881,9530,22,SFTP,9528
583470813156474882,9529,22,SSH,9528
583470813185835009,8234,22,SFTP,8232
583470813185835010,8233,22,SSH,8232
583470813215195137,8110,22,SFTP,8108
583470813215195138,8109,22,SSH,8108
583470813252943873,8102,22,SFTP,8100
583470813252943874,8101,22,SSH,8100
583470813286498305,8094,22,SFTP,8092
583470813286498306,8093,22,SSH,8092
583470813320052737,8078,22,SFTP,8076
583470813320052738,8077,22,SSH,8076
583470813349412865,7983,22,SFTP,7981
583470813349412866,7982,22,SSH,7981
583470813382967297,7979,22,SFTP,7977
583470813382967298,7978,22,SSH,7977
583470813420716033,9826,22,SFTP,9824
583470813420716034,9825,22,SSH,9824
583470813462659073,8966,22,SSH,8965
583470813500407809,11046,3389,RDP,11045
583470813533962241,9390,22,SFTP,9388
583470813533962242,9389,22,SSH,9388
583470813559128065,8170,22,SFTP,8168
583470813559128066,8169,22,SSH,8168
583470813596876801,8166,22,SFTP,8164
583470813596876802,8165,22,SSH,8164
583470813630431233,8142,22,SFTP,8140
583470813630431234,8141,22,SSH,8140
583470813659791361,8138,22,SFTP,8136
583470813659791362,8137,22,SSH,8136
583470813697540097,8134,22,SFTP,8132
583470813697540098,8133,22,SSH,8132
583470813739483137,7823,22,SFTP,7821
583470813739483138,7822,22,SSH,7821
583470813768843265,8230,22,SFTP,8228
583470813768843266,8229,22,SSH,8228
583470813802397696,8214,22,SFTP,8212
583470813802397697,8213,22,SSH,8212
583470813831757825,8194,22,SFTP,8192
583470813831757826,8193,22,SSH,8192
583470813856923649,7863,22,SFTP,7861
583470813856923650,7862,22,SSH,7861
583470813890478081,7859,22,SFTP,7857
583470813890478082,7858,22,SSH,7857
583470813919838209,7855,22,SFTP,7853
583470813919838210,7854,22,SSH,7853
583470813949198337,7851,22,SFTP,7849
583470813949198338,7850,22,SSH,7849
583470813982752769,7847,22,SFTP,7845
583470813982752770,7846,22,SSH,7845
583470814020501505,7843,22,SFTP,7841
583470814020501506,7842,22,SSH,7841
583470814054055937,7839,22,SFTP,7837
583470814054055938,7838,22,SSH,7837
583470814091804673,7835,22,SFTP,7833
583470814091804674,7834,22,SSH,7833
583470814129553409,7831,22,SFTP,7829
583470814129553410,7830,22,SSH,7829
583470814163107841,7827,22,SFTP,7825
583470814163107842,7826,22,SSH,7825
583470814196662273,10554,22,SFTP,10552
583470814196662274,10553,22,SSH,10552
583470814226022401,10550,22,SFTP,10548
583470814230216704,10549,22,SSH,10548
583470814259576833,10546,22,SFTP,10544
583470814259576834,10545,22,SSH,10544
583470814288936961,10542,22,SFTP,10540
583470814288936962,10541,22,SSH,10540
583470814322491393,9638,22,SFTP,9636
583470814322491394,9637,22,SSH,9636
583470814356045825,9634,22,SFTP,9632
583470814356045826,9633,22,SSH,9632
583470814389600257,7819,22,SFTP,7817
583470814389600258,7818,22,SSH,7817
583470814439931905,7815,22,SFTP,7813
583470814439931906,7814,22,SSH,7813
583470814481874945,10110,22,SFTP,10108
583470814481874946,10109,22,SSH,10108
583470814519623681,10106,22,SFTP,10104
583470814519623682,10105,22,SSH,10104
583470814561566721,10102,22,SFTP,10100
583470814561566722,10101,22,SSH,10100
583470814603509761,9854,22,SFTP,9852
583470814603509762,9853,22,SSH,9852
583470814645452801,9850,22,SFTP,9848
583470814645452802,9849,22,SSH,9848
583470814683201537,8090,22,SFTP,8088
583470814683201538,8089,22,SSH,8088
583470814720950273,8062,22,SFTP,8060
583470814720950274,8061,22,SSH,8060
583470814758699008,7963,22,SFTP,7961
583470814758699009,7962,22,SSH,7961
583470814792253441,7959,22,SFTP,7957
583470814792253442,7958,22,SSH,7957
583470814821613569,10178,22,SFTP,10176
583470814821613570,10177,22,SSH,10176
583470814850973697,9830,22,SFTP,9828
583470814850973698,9829,22,SSH,9828
583470814876139521,9722,22,SFTP,9720
583470814876139522,9721,22,SSH,9720
583470814897111041,9622,22,SFTP,9620
583470814897111042,9621,22,SSH,9620
583470814918082561,9538,22,SFTP,9536
583470814918082562,9537,22,SSH,9536
583470814943248385,9034,22,SFTP,9032
583470814943248386,9033,22,SSH,9032
583470814964219905,9374,22,SFTP,9372
583470814964219906,9373,22,SSH,9372
583470814993580033,9370,22,SFTP,9368
583470814993580034,9369,22,SSH,9368
583470815018745857,9382,22,SFTP,9380
583470815018745858,9381,22,SSH,9380
583470815043911681,9378,22,SFTP,9376
583470815043911682,9377,22,SSH,9376
583470815064883201,10034,22,SFTP,10032
583470815064883202,10033,22,SSH,10032
583470815090049025,10030,22,SFTP,10028
583470815090049026,10029,22,SSH,10028
583470815115214849,10626,22,SFTP,10624
583470815115214850,10625,22,SSH,10624
583470815136186369,10622,22,SFTP,10620
583470815136186370,10621,22,SSH,10620
583470815161352193,10602,22,SFTP,10600
583470815161352194,10601,22,SSH,10600
583470815186518017,10446,22,SFTP,10444
583470815186518018,10445,22,SSH,10444
583470815211683841,9490,22,SFTP,9488
583470815211683842,9489,22,SSH,9488
583470815232655361,9486,22,SFTP,9484
583470815232655362,9485,22,SSH,9484
583470815257821185,9482,22,SFTP,9480
583470815257821186,9481,22,SSH,9480
583470815282987009,9478,22,SFTP,9476
583470815282987010,9477,22,SSH,9476
583470815299764225,9474,22,SFTP,9472
583470815299764226,9473,22,SSH,9472
583470815324930049,9470,22,SFTP,9468
583470815324930050,9469,22,SSH,9468
583470815350095873,9466,22,SFTP,9464
583470815350095874,9465,22,SSH,9464
583470815392038913,9462,22,SFTP,9460
583470815392038914,9461,22,SSH,9460
583470815421399041,9458,22,SFTP,9456
583470815421399042,9457,22,SSH,9456
583470815459147777,9454,22,SFTP,9452
583470815459147778,9453,22,SSH,9452
583470815501090817,9450,22,SFTP,9448
583470815501090818,9449,22,SSH,9448
583470815564005377,9446,22,SFTP,9444
583470815564005378,9445,22,SSH,9444
583470815593365505,9442,22,SFTP,9440
583470815593365506,9441,22,SSH,9440
583470815626919937,9438,22,SFTP,9436
583470815626919938,9437,22,SSH,9436
583470815652085761,9434,22,SFTP,9432
583470815652085762,9433,22,SSH,9432
583470815685640192,9430,22,SFTP,9428
583470815685640193,9429,22,SSH,9428
583470815710806017,8202,22,SFTP,8200
583470815710806018,8201,22,SSH,8200
583470815735971841,8198,22,SFTP,8196
583470815735971842,8197,22,SSH,8196
583470815765331969,7791,22,SFTP,7789
583470815765331970,7790,22,SSH,7789
583470815794692097,7787,22,SFTP,7785
583470815794692098,7786,22,SSH,7785
583470815819857921,10830,3389,RDP,10829
583470815849218049,10827,3389,RDP,10826
583470815874383873,9502,22,SFTP,9500
583470815874383874,9501,22,SSH,9500
583470815903744001,9498,22,SFTP,9496
583470815903744002,9497,22,SSH,9496
583470815928909825,9494,22,SFTP,9492
583470815928909826,9493,22,SSH,9492
583470815958269953,9006,22,SFTP,9004
583470815958269954,9005,22,SSH,9004
583470815983435777,8130,22,SFTP,8128
583470815983435778,8129,22,SSH,8128
583470816008601601,7799,22,SFTP,7797
583470816008601602,7798,22,SSH,7797
583470816025378817,7795,22,SFTP,7793
583470816025378818,7794,22,SSH,7793
583470816050544641,10482,22,SFTP,10480
583470816050544642,10481,22,SSH,10480
583470816075710465,10478,22,SFTP,10476
583470816075710466,10477,22,SSH,10476
583470816096681985,10474,22,SFTP,10472
583470816096681986,10473,22,SSH,10472
583470816121847809,10470,22,SFTP,10468
583470816121847810,10469,22,SSH,10468
583470816142819329,10466,22,SFTP,10464
583470816142819330,10465,22,SSH,10464
583470816167985153,10462,22,SFTP,10460
583470816167985154,10461,22,SSH,10460
583470816193150977,10458,22,SFTP,10456
583470816193150978,10457,22,SSH,10456
583470816222511105,8086,22,SFTP,8084
583470816222511106,8085,22,SSH,8084
583470816256065537,8054,22,SFTP,8052
583470816256065538,8053,22,SSH,8052
583470816289619969,8050,22,SFTP,8048
583470816289619970,8049,22,SSH,8048
583470816318980097,10618,22,SFTP,10616
583470816318980098,10617,22,SSH,10616
583470816352534529,9958,22,SFTP,9956
583470816352534530,9957,22,SSH,9956
583470816381894657,9954,22,SFTP,9952
583470816381894658,9953,22,SSH,9952
583470816411254785,9582,22,SFTP,9580
583470816411254786,9581,22,SSH,9580
583470816440614913,9578,22,SFTP,9576
583470816440614914,9577,22,SSH,9576
583470816469975041,9574,22,SFTP,9572
583470816469975042,9573,22,SSH,9572
583470816495140865,9570,22,SFTP,9568
583470816495140866,9569,22,SSH,9568
583470816524500993,8218,22,SFTP,8216
583470816524500994,8217,22,SSH,8216
583470816558055425,10406,22,SFTP,10404
583470816558055426,10405,22,SSH,10404
583470816587415553,10402,22,SFTP,10400
583470816587415554,10401,22,SSH,10400
583470816616775681,9510,22,SFTP,9508
583470816616775682,9509,22,SSH,9508
583470816641941505,9506,22,SFTP,9504
583470816641941506,9505,22,SSH,9504
583470816667107329,9526,22,SFTP,9524
583470816667107330,9525,22,SSH,9524
583470816692273153,9522,22,SFTP,9520
583470816692273154,9521,22,SSH,9520
583470816721633281,9518,22,SFTP,9516
583470816721633282,9517,22,SSH,9516
583470816750993409,9514,22,SFTP,9512
583470816750993410,9513,22,SSH,9512
583470816776159233,8874,22,SFTP,8872
583470816776159234,8873,22,SSH,8872
583470816805519361,8858,60022,HTTP,8857
583470816830685185,8855,60022,HTTP,8854
583470816851656705,8852,60022,HTTP,8851
583470816885211136,8849,60022,HTTP,8848
583470816906182657,8840,22,SFTP,8838
583470816906182658,8839,22,SSH,8838
583470816935542785,8836,22,SFTP,8834
583470816935542786,8835,22,SSH,8834
583470816960708609,8182,22,SFTP,8180
583470816964902912,8181,22,SSH,8180
583470816990068737,8082,22,SFTP,8080
583470816990068738,8081,22,SSH,8080
583470817015234561,8074,22,SFTP,8072
583470817015234562,8073,22,SSH,8072
583470817040400385,7807,22,SFTP,7805
583470817040400386,7806,22,SSH,7805
583470817065566209,7803,22,SFTP,7801
583470817065566210,7802,22,SSH,7801
583470817094926337,9418,22,SFTP,9416
583470817094926338,9417,22,SSH,9416
583470817124286465,9414,22,SFTP,9412
583470817124286466,9413,22,SSH,9412
583470817162035201,9346,22,SFTP,9344
583470817162035202,9345,22,SSH,9344
583470817199783937,9030,22,SFTP,9028
583470817199783938,9029,22,SSH,9028
583470817224949761,9026,22,SFTP,9024
583470817224949762,9025,22,SSH,9024
583470817250115585,9022,22,SFTP,9020
583470817250115586,9021,22,SSH,9020
583470817287864321,9014,22,SFTP,9012
583470817287864322,9013,22,SSH,9012
583470817325613057,10274,22,SFTP,10272
583470817325613058,10273,22,SSH,10272
583470817359167489,10270,22,SFTP,10268
583470817359167490,10269,22,SSH,10268
583470817392721921,10266,22,SFTP,10264
583470817392721922,10265,22,SSH,10264
583470817430470657,10262,22,SFTP,10260
583470817430470658,10261,22,SSH,10260
583470817464025089,8126,22,SFTP,8124
583470817464025090,8125,22,SSH,8124
583470817493385217,8122,22,SFTP,8120
583470817493385218,8121,22,SSH,8120
583470817522745345,9678,22,SFTP,9676
583470817522745346,9677,22,SSH,9676
583470817547911169,9674,22,SFTP,9672
583470817547911170,9673,22,SSH,9672
583470817585659905,9670,22,SFTP,9668
583470817585659906,9669,22,SSH,9668
583470817615020033,9666,22,SFTP,9664
583470817615020034,9665,22,SSH,9664
583470817644380161,9350,22,SFTP,9348
583470817644380162,9349,22,SSH,9348
583470817669545985,10666,22,SFTP,10664
583470817669545986,10665,22,SSH,10664
583470817698906113,10662,22,SFTP,10660
583470817698906114,10661,22,SSH,10660
583470817728266241,8106,22,SFTP,8104
583470817728266242,8105,22,SSH,8104
583470817761820673,8098,22,SFTP,8096
583470817761820674,8097,22,SSH,8096
583470817791180801,11082,3389,RDP,11081
583470817820540929,11073,3389,RDP,11072
583470817845706753,10998,3389,RDP,10997
583470817870872577,10995,3389,RDP,10994
583470817896038401,10908,3389,RDP,10907
583470817917009921,10905,3389,RDP,10904
583470817950564353,10902,3389,RDP,10901
583470817984118785,10899,3389,RDP,10898
583470818017673217,10896,3389,RDP,10895
583470818038644737,10893,3389,RDP,10892
583470818059616257,10890,3389,RDP,10889
583470818088976385,10887,3389,RDP,10886
583470818122530817,10884,3389,RDP,10883
583470818143502337,9746,22,SFTP,9744
583470818143502338,9745,22,SSH,9744
583470818181251073,9742,22,SFTP,9740
583470818181251074,9741,22,SSH,9740
583470818214805505,9718,22,SFTP,9716
583470818214805506,9717,22,SSH,9716
583470818239971329,9714,22,SFTP,9712
583470818239971330,9713,22,SSH,9712
583470818260942849,9058,22,SFTP,9056
583470818260942850,9057,22,SSH,9056
583470818294497281,9054,22,SFTP,9052
583470818294497282,9053,22,SSH,9052
583470818332246017,9050,22,SFTP,9048
583470818332246018,9049,22,SSH,9048
583470818365800449,8928,22,SFTP,8926
583470818365800450,8927,22,SSH,8926
583470818390966272,8924,22,SSH,8923
583470818411937793,8921,22,SFTP,8919
583470818411937794,8920,22,SSH,8919
583470818445492225,8917,22,SFTP,8915
583470818445492226,8916,22,SSH,8915
583470818479046657,8913,22,SFTP,8911
583470818479046658,8912,22,SSH,8911
583470818512601089,8909,22,SFTP,8907
583470818512601090,8908,22,SSH,8907
583470818546155521,8905,22,SFTP,8903
583470818546155522,8904,22,SSH,8903
583470818588098561,8901,22,SSH,8900
583470818630041601,8898,22,SFTP,8896
583470818630041602,8897,22,SSH,8896
583470818667790337,8894,22,SFTP,8892
583470818667790338,8893,22,SSH,8892
583470818709733377,8890,22,SFTP,8888
583470818709733378,8889,22,SSH,8888
583470818739093505,8886,22,SFTP,8884
583470818739093506,8885,22,SSH,8884
583470818764259329,8882,22,SFTP,8880
583470818764259330,8881,22,SSH,8880
583470818789425153,8878,22,SFTP,8876
583470818789425154,8877,22,SSH,8876
583470818814590977,10798,22,SFTP,10796
583470818814590978,10797,22,SSH,10796
583470818848145409,10062,22,SFTP,10060
583470818848145410,10061,22,SSH,10060
583470818877505537,9394,22,SFTP,9392
583470818877505538,9393,22,SSH,9392
583470818911059969,9074,22,SFTP,9072
583470818911059970,9073,22,SSH,9072
583470818944614401,9070,22,SFTP,9068
583470818944614402,9069,22,SSH,9068
583470818973974529,9066,22,SFTP,9064
583470818973974530,9065,22,SSH,9064
583470819003334657,9062,22,SFTP,9060
583470819003334658,9061,22,SSH,9060
583470819028500481,10114,22,SFTP,10112
583470819028500482,10113,22,SSH,10112
583470819062054913,10074,22,SFTP,10072
583470819062054914,10073,22,SSH,10072
583470819091415041,10070,22,SFTP,10068
583470819091415042,10069,22,SSH,10068
583470819116580865,10066,22,SFTP,10064
583470819116580866,10065,22,SSH,10064
583470819141746689,8042,22,SFTP,8040
583470819141746690,8041,22,SSH,8040
583470819166912513,8038,22,SFTP,8036
583470819166912514,8037,22,SSH,8036
583470819187884033,10530,22,SFTP,10528
583470819187884034,10529,22,SSH,10528
583470819213049857,10526,22,SFTP,10524
583470819213049858,10525,22,SSH,10524
583470819234021377,10326,22,SFTP,10324
583470819234021378,10325,22,SSH,10324
583470819263381505,10218,22,SFTP,10216
583470819263381506,10217,22,SSH,10216
583470819284353025,9754,22,SFTP,9752
583470819284353026,9753,22,SSH,9752
583470819317907457,9750,22,SFTP,9748
583470819317907458,9749,22,SSH,9748
583470819355656193,9758,22,SFTP,9756
583470819355656194,9757,22,SSH,9756
583470819376627713,9318,22,SFTP,9316
583470819376627714,9317,22,SSH,9316
583470819405987841,9314,22,SFTP,9312
583470819405987842,9313,22,SSH,9312
583470819426959361,9242,22,SFTP,9240
583470819426959362,9241,22,SSH,9240
583470819447930881,9238,22,SFTP,9236
583470819447930882,9237,22,SSH,9236
583470819473096705,9206,22,SFTP,9204
583470819473096706,9205,22,SSH,9204
583470819498262529,9202,22,SFTP,9200
583470819498262530,9201,22,SSH,9200
583470819519234049,9198,22,SFTP,9196
583470819519234050,9197,22,SSH,9196
583470819544399873,9194,22,SFTP,9192
583470819544399874,9193,22,SSH,9192
583470819565371393,9342,22,SFTP,9340
583470819565371394,9341,22,SSH,9340
583470819590537217,9338,22,SFTP,9336
583470819590537218,9337,22,SSH,9336
583470819615703041,8978,22,SFTP,8976
583470819615703042,8977,22,SSH,8976
583470819640868865,8974,22,SFTP,8972
583470819640868866,8973,22,SSH,8972
583470819666034689,10810,22,SFTP,10808
583470819666034690,10809,22,SSH,10808
583470819691200513,10430,22,SFTP,10428
583470819691200514,10429,22,SSH,10428
583470819712172033,10426,22,SFTP,10424
583470819712172034,10425,22,SSH,10424
583470819733143553,10422,22,SFTP,10420
583470819733143554,10421,22,SSH,10420
583470819758309377,10418,22,SFTP,10416
583470819758309378,10417,22,SSH,10416
583470819783475201,10414,22,SFTP,10412
583470819783475202,10413,22,SSH,10412
583470819808641025,10410,22,SFTP,10408
583470819808641026,10409,22,SSH,10408
583470819829612545,10154,22,SFTP,10152
583470819829612546,10153,22,SSH,10152
583470819854778369,10150,22,SFTP,10148
583470819854778370,10149,22,SSH,10148
583470819867361281,10146,22,SFTP,10144
583470819867361282,10145,22,SSH,10144
583470819879944193,10142,22,SFTP,10140
583470819879944194,10141,22,SSH,10140
583470819909304321,10138,22,SFTP,10136
583470819909304322,10137,22,SSH,10136
583470819942858753,10134,22,SFTP,10132
583470819942858754,10133,22,SSH,10132
583470819972218881,10130,22,SFTP,10128
583470819972218882,10129,22,SSH,10128
583470819997384705,10126,22,SFTP,10124
583470819997384706,10125,22,SSH,10124
583470820018356225,10122,22,SFTP,10120
583470820018356226,10121,22,SSH,10120
583470820043522049,10118,22,SFTP,10116
583470820043522050,10117,22,SSH,10116
583470820068687873,10098,22,SFTP,10096
583470820068687874,10097,22,SSH,10096
583470820102242305,10094,22,SFTP,10092
583470820102242306,10093,22,SSH,10092
583470820139991041,10090,22,SFTP,10088
583470820139991042,10089,22,SSH,10088
583470820169351169,10086,22,SFTP,10084
583470820169351170,10085,22,SSH,10084
583470820198711297,10082,22,SFTP,10080
583470820198711298,10081,22,SSH,10080
583470820223877121,10078,22,SFTP,10076
583470820223877122,10077,22,SSH,10076
583470820253237249,8864,60022,HTTP,8863
583470820270014465,8861,60022,HTTP,8860
583470820286791681,8046,22,SFTP,8044
583470820286791682,8045,22,SSH,8044
583470820311957505,8034,22,SFTP,8032
583470820311957506,8033,22,SSH,8032
583470820345511937,10944,3389,RDP,10943
583470820370677761,9410,22,SFTP,9408
583470820370677762,9409,22,SSH,9408
583470820395843585,9406,22,SFTP,9404
583470820395843586,9405,22,SSH,9404
583470820421009409,9002,22,SFTP,9000
583470820421009410,9001,22,SSH,9000
583470820441980929,8998,22,SFTP,8996
583470820441980930,8997,22,SSH,8996
583470820467146753,7783,22,SFTP,7781
583470820467146754,7782,22,SSH,7781
583470820488118273,7779,22,SFTP,7777
583470820488118274,7778,22,SSH,7777
583470820509089793,9010,22,SFTP,9008
583470820509089794,9009,22,SSH,9008
583470820534255617,9902,22,SFTP,9900
583470820534255618,9901,22,SSH,9900
583470820555227137,9898,22,SFTP,9896
583470820555227138,9897,22,SSH,9896
583470820580392961,9894,22,SFTP,9892
583470820580392962,9893,22,SSH,9892
583470820609753088,8003,22,SFTP,8001
583470820609753089,8002,22,SSH,8001
583470820634918913,7999,22,SFTP,7997
583470820634918914,7998,22,SSH,7997
583470820660084737,10770,22,SFTP,10768
583470820660084738,10769,22,SSH,10768
583470820689444865,10766,22,SFTP,10764
583470820689444866,10765,22,SSH,10764
583470820718804993,10762,22,SFTP,10760
583470820718804994,10761,22,SSH,10760
583470820748165121,10758,22,SFTP,10756
583470820748165122,10757,22,SSH,10756
583470820785913857,10754,22,SFTP,10752
583470820785913858,10753,22,SSH,10752
583470820815273985,9610,22,SFTP,9608
583470820815273986,9609,22,SSH,9608
583470820844634113,9606,22,SFTP,9604
583470820844634114,9605,22,SSH,9604
583470820869799937,9602,22,SFTP,9600
583470820869799938,9601,22,SSH,9600
583470820890771457,10606,22,SFTP,10604
583470820890771458,10605,22,SSH,10604
583470820915937281,9626,22,SFTP,9624
583470820915937282,9625,22,SSH,9624
583470820936908801,11139,3389,RDP,11138
583470820957880321,10878,3389,RDP,10877
583470820983046145,10875,3389,RDP,10874
583470821012406273,10872,3389,RDP,10871
583470821041766401,10869,3389,RDP,10868
583470821071126529,10836,3389,RDP,10835
583470821096292353,9694,22,SFTP,9692
583470821096292354,9693,22,SSH,9692
583470821125652481,9690,22,SFTP,9688
583470821125652482,9689,22,SSH,9688
583470821159206913,11007,3389,RDP,11006
583470821184372737,10992,3389,RDP,10991
583470821209538561,10989,3389,RDP,10988
583470821230510081,9990,22,SFTP,9988
583470821234704384,9989,22,SSH,9988
583470821255675905,9986,22,SFTP,9984
583470821255675906,9985,22,SSH,9984
583470821293424641,9982,22,SFTP,9980
583470821293424642,9981,22,SSH,9980
583470821322784769,9978,22,SFTP,9976
583470821322784770,9977,22,SSH,9976
583470821356339201,9974,22,SFTP,9972
583470821356339202,9973,22,SSH,9972
583470821385699329,9970,22,SFTP,9968
583470821385699330,9969,22,SSH,9968
583470821410865153,8019,22,SFTP,8017
583470821410865154,8018,22,SSH,8017
583470821444419585,8015,22,SFTP,8013
583470821444419586,8014,22,SSH,8013
583470821477974017,10690,22,SFTP,10688
583470821477974018,10689,22,SSH,10688
583470821503139841,10682,22,SFTP,10680
583470821503139842,10681,22,SSH,10680
583470821528305665,10678,22,SFTP,10676
583470821528305666,10677,22,SSH,10676
583470821557665793,10650,22,SFTP,10648
583470821557665794,10649,22,SSH,10648
583470821582831617,10646,22,SFTP,10644
583470821582831618,10645,22,SSH,10644
583470821612191745,10642,22,SFTP,10640
583470821612191746,10641,22,SSH,10640
583470821633163265,10638,22,SFTP,10636
583470821633163266,10637,22,SSH,10636
583470821654134785,10634,22,SFTP,10632
583470821654134786,10633,22,SSH,10632
583470821675106305,10630,22,SFTP,10628
583470821675106306,10629,22,SSH,10628
583470821696077825,9366,22,SFTP,9364
583470821696077826,9365,22,SSH,9364
583470821717049345,9362,22,SFTP,9360
583470821717049346,9361,22,SSH,9360
583470821733826561,9090,22,SFTP,9088
583470821733826562,9089,22,SSH,9088
583470821754798081,9086,22,SFTP,9084
583470821754798082,9085,22,SSH,9084
583470821771575297,8118,22,SFTP,8116
583470821771575298,8117,22,SSH,8116
583470821796741121,8114,22,SFTP,8112
583470821796741122,8113,22,SSH,8112
583470821821906945,10818,22,SFTP,10816
583470821821906946,10817,22,SSH,10816
583470821842878465,10814,22,SFTP,10812
583470821842878466,10813,22,SSH,10812
583470821893210113,10714,22,SFTP,10712
583470821893210114,10713,22,SSH,10712
583470821918375937,10710,22,SFTP,10708
583470821918375938,10709,22,SSH,10708
583470821943541761,10706,22,SFTP,10704
583470821943541762,10705,22,SSH,10704
583470821977096193,10702,22,SFTP,10700
583470821977096194,10701,22,SSH,10700
583470822010650625,11088,3389,RDP,11087
583470822040010753,11085,3389,RDP,11084
583470822069370881,7955,22,SFTP,7953
583470822069370882,7954,22,SSH,7953
583470822094536705,7951,22,SFTP,7949
583470822094536706,7950,22,SSH,7949
583470822128091137,7947,22,SFTP,7945
583470822128091138,7946,22,SSH,7945
583470822153256961,7943,22,SFTP,7941
583470822153256962,7942,22,SSH,7941
583470822186811393,7939,22,SFTP,7937
583470822186811394,7938,22,SSH,7937
583470822220365825,7935,22,SFTP,7933
583470822220365826,7934,22,SSH,7933
583470822258114561,8238,22,SFTP,8236
583470822258114562,8237,22,SSH,8236
583470822291668993,10570,22,SFTP,10568
583470822291668994,10569,22,SSH,10568
583470822321029121,10566,22,SFTP,10564
583470822321029122,10565,22,SSH,10564
583470822354583553,10562,22,SFTP,10560
583470822354583554,10561,22,SSH,10560
583470822383943681,10558,22,SFTP,10556
583470822383943682,10557,22,SSH,10556
583470822417498113,11052,3389,RDP,11051
583470822442663937,11049,3389,RDP,11048
583470822472024065,10794,22,SFTP,10792
583470822472024066,10793,22,SSH,10792
583470822497189889,10346,22,SFTP,10344
583470822497189890,10345,22,SSH,10344
583470822526550017,10342,22,SFTP,10340
583470822526550018,10341,22,SSH,10340
583470822555910145,10338,22,SFTP,10336
583470822555910146,10337,22,SSH,10336
583470822585270273,10334,22,SFTP,10332
583470822585270274,10333,22,SSH,10332
583470822614630401,9226,22,SFTP,9224
583470822614630402,9225,22,SSH,9224
583470822643990529,9222,22,SFTP,9220
583470822643990530,9221,22,SSH,9220
583470822673350657,8150,22,SFTP,8148
583470822673350658,8149,22,SSH,8148
583470822702710785,8146,22,SFTP,8144
583470822702710786,8145,22,SSH,8144
583470822732070913,9286,22,SFTP,9284
583470822732070914,9285,22,SSH,9284
583470822757236737,9282,22,SFTP,9280
583470822757236738,9281,22,SSH,9280
583470822786596865,9278,22,SFTP,9276
583470822786596866,9277,22,SSH,9276
583470822811762688,9274,22,SFTP,9272
583470822811762689,9273,22,SSH,9272
583470822836928513,10790,22,SFTP,10788
583470822836928514,10789,22,SSH,10788
583470822899843073,10786,22,SFTP,10784
583470822899843074,10785,22,SSH,10784
583470822933397505,10782,22,SFTP,10780
583470822933397506,10781,22,SSH,10780
583470822971146241,10778,22,SFTP,10776
583470822971146242,10777,22,SSH,10776
583470823004700673,10006,22,SFTP,10004
583470823004700674,10005,22,SSH,10004
583470823088586753,10002,22,SFTP,10000
583470823088586754,10001,22,SSH,10000
583470823122141185,9998,22,SFTP,9996
583470823122141186,9997,22,SSH,9996
583470823155695617,9994,22,SFTP,9992
583470823155695618,9993,22,SSH,9992
583470823185055745,11064,3389,RDP,11063
583470823214415873,10442,22,SFTP,10440
583470823214415874,10441,22,SSH,10440
583470823239581697,10438,22,SFTP,10436
583470823239581698,10437,22,SSH,10436
583470823264747521,10434,22,SFTP,10432
583470823264747522,10433,22,SSH,10432
583470823294107649,11013,3389,RDP,11012
583470823323467777,10983,3389,RDP,10982
583470823352827905,10980,3389,RDP,10979
583470823386382337,10977,3389,RDP,10976
583470823407353857,10974,3389,RDP,10973
583470823436713984,10390,22,SFTP,10388
583470823436713985,10389,22,SSH,10388
583470823457685505,10386,22,SFTP,10384
583470823457685506,10385,22,SSH,10384
583470823482851329,10382,22,SFTP,10380
583470823482851330,10381,22,SSH,10380
583470823508017152,9934,22,SFTP,9932
583470823508017153,9933,22,SSH,9932
583470823533182977,9930,22,SFTP,9928
583470823533182978,9929,22,SSH,9928
583470823558348801,9926,22,SFTP,9924
583470823558348802,9925,22,SSH,9924
583470823583514625,9922,22,SFTP,9920
583470823583514626,9921,22,SSH,9920
583470823612874753,9918,22,SFTP,9916
583470823612874754,9917,22,SSH,9916
583470823638040577,9914,22,SFTP,9912
583470823638040578,9913,22,SSH,9912
583470823667400705,9910,22,SFTP,9908
583470823667400706,9909,22,SSH,9908
583470823700955137,9906,22,SFTP,9904
583470823700955138,9905,22,SSH,9904
583470823734509569,9554,22,SFTP,9552
583470823734509570,9553,22,SSH,9552
583470823768064001,9550,22,SFTP,9548
583470823768064002,9549,22,SSH,9548
583470823797424129,9546,22,SFTP,9544
583470823797424130,9545,22,SSH,9544
583470823877115905,9542,22,SFTP,9540
583470823877115906,9541,22,SSH,9540
583470823914864641,10214,22,SFTP,10212
583470823914864642,10213,22,SSH,10212
583470823940030465,10210,22,SFTP,10208
583470823940030466,10209,22,SSH,10208
583470823973584897,10206,22,SFTP,10204
583470823973584898,10205,22,SSH,10204
583470824002945025,10202,22,SFTP,10200
583470824002945026,10201,22,SSH,10200
583470824019722241,9566,22,SFTP,9564
583470824019722242,9565,22,SSH,9564
583470824049082369,9562,22,SFTP,9560
583470824049082370,9561,22,SSH,9560
583470824074248193,9618,22,SFTP,9616
583470824074248194,9617,22,SSH,9616
583470824091025409,9614,22,SFTP,9612
583470824091025410,9613,22,SSH,9612
583470824116191233,11028,3389,RDP,11027
583470824141357057,11025,3389,RDP,11024
583470824162328577,9710,22,SFTP,9708
583470824162328578,9709,22,SSH,9708
583470824187494401,10322,22,SFTP,10320
583470824187494402,10321,22,SSH,10320
583470824212660225,10318,22,SFTP,10316
583470824212660226,10317,22,SSH,10316
583470824246214657,10314,22,SFTP,10312
583470824246214658,10313,22,SSH,10312
583470824271380481,10310,22,SFTP,10308
583470824271380482,10309,22,SSH,10308
583470824296546305,10306,22,SFTP,10304
583470824296546306,10305,22,SSH,10304
583470824325906433,10302,22,SFTP,10300
583470824325906434,10301,22,SSH,10300
583470824355266561,10298,22,SFTP,10296
583470824355266562,10297,22,SSH,10296
583470824384626689,10294,22,SFTP,10292
583470824384626690,10293,22,SSH,10292
583470824413986817,10290,22,SFTP,10288
583470824413986818,10289,22,SSH,10288
583470824439152641,10286,22,SFTP,10284
583470824439152642,10285,22,SSH,10284
583470824460124161,10282,22,SFTP,10280
583470824460124162,10281,22,SSH,10280
583470824481095681,10658,22,SFTP,10656
583470824481095682,10657,22,SSH,10656
583470824497872897,10654,22,SFTP,10652
583470824497872898,10653,22,SSH,10652
583470824514650113,10058,22,SFTP,10056
583470824514650114,10057,22,SSH,10056
583470824531427329,10054,22,SFTP,10052
583470824531427330,10053,22,SSH,10052
583470824548204545,9822,22,SFTP,9820
583470824548204546,9821,22,SSH,9820
583470824564981761,9294,22,SFTP,9292
583470824564981762,9293,22,SSH,9292
583470824585953281,9290,22,SFTP,9288
583470824585953282,9289,22,SSH,9288
583470824611119105,10522,22,SFTP,10520
583470824611119106,10521,22,SSH,10520
583470824640479233,10518,22,SFTP,10516
583470824640479234,10517,22,SSH,10516
583470824669839361,10514,22,SFTP,10512
583470824669839362,10513,22,SSH,10512
583470824703393793,10510,22,SFTP,10508
583470824703393794,10509,22,SSH,10508
583470824736948225,9662,22,SFTP,9660
583470824736948226,9661,22,SSH,9660
583470824770502657,9658,22,SFTP,9656
583470824770502658,9657,22,SSH,9656
583470824799862785,9122,22,SFTP,9120
583470824799862786,9121,22,SSH,9120
583470824829222913,10986,3389,RDP,10985
583470824900526081,9862,22,SFTP,9860
583470824900526082,9861,22,SSH,9860
583470824925691905,9858,22,SFTP,9856
583470824925691906,9857,22,SSH,9856
583470824959246337,10730,22,SFTP,10728
583470824959246338,10729,22,SSH,10728
583470824988606465,10726,22,SFTP,10724
583470824988606466,10725,22,SSH,10724
583470825013772289,8242,22,SFTP,8240
583470825013772290,8241,22,SSH,8240
583470825038938113,11136,3389,RDP,11135
583470825059909633,11103,3389,RDP,11102
583470825080881153,11100,3389,RDP,11099
583470825101852673,11097,3389,RDP,11096
583470825118629889,11094,3389,RDP,11093
583470825139601409,10965,3389,RDP,10964
583470825160572929,10962,3389,RDP,10961
583470825177350145,10959,3389,RDP,10958
583470825206710273,10956,3389,RDP,10955
583470825236070401,10854,3389,RDP,10853
583470825257041921,9190,22,SFTP,9188
583470825257041922,9189,22,SSH,9188
583470825286402049,9186,22,SFTP,9184
583470825286402050,9185,22,SSH,9184
583470825311567873,9182,22,SFTP,9180
583470825311567874,9181,22,SSH,9180
583470825336733697,9178,22,SFTP,9176
583470825336733698,9177,22,SSH,9176
583470825366093825,9174,22,SFTP,9172
583470825366093826,9173,22,SSH,9172
583470825387065345,10494,22,SFTP,10492
583470825387065346,10493,22,SSH,10492
583470825412231169,10490,22,SFTP,10488
583470825412231170,10489,22,SSH,10488
583470825441591297,9966,22,SFTP,9964
583470825441591298,9965,22,SSH,9964
583470825475145729,9962,22,SFTP,9960
583470825475145730,9961,22,SSH,9960
583470825504505857,11091,3389,RDP,11090
583470825529671681,10718,22,SFTP,10716
583470825529671682,10717,22,SSH,10716
583470825563226113,10486,22,SFTP,10484
583470825563226114,10485,22,SSH,10484
583470825596780545,10254,22,SFTP,10252
583470825596780546,10253,22,SSH,10252
583470825626140673,10026,22,SFTP,10024
583470825626140674,10025,22,SSH,10024
583470825647112193,10018,22,SFTP,10016
583470825647112194,10017,22,SSH,10016
583470825663889409,10014,22,SFTP,10012
583470825663889410,10013,22,SSH,10012
583470825684860929,8986,22,SFTP,8984
583470825684860930,8985,22,SSH,8984
583470825697443841,8982,22,SFTP,8980
583470825697443842,8981,22,SSH,8980
583470825718415361,9170,22,SFTP,9168
583470825718415362,9169,22,SSH,9168
583470825743581185,10258,22,SFTP,10256
583470825743581186,10257,22,SSH,10256
583470825764552705,10194,22,SFTP,10192
583470825764552706,10193,22,SSH,10192
583470825789718529,9402,22,SFTP,9400
583470825789718530,9401,22,SSH,9400
583470825810690049,9398,22,SFTP,9396
583470825810690050,9397,22,SSH,9396
583470825835855873,8994,22,SFTP,8992
583470825835855874,8993,22,SSH,8992
583470825861021697,8990,22,SFTP,8988
583470825861021698,8989,22,SSH,8988
583470825890381825,10170,22,SFTP,10168
583470825890381826,10169,22,SSH,10168
583470825919741953,10166,22,SFTP,10164
583470825919741954,10165,22,SSH,10164
583470825949102081,10162,22,SFTP,10160
583470825949102082,10161,22,SSH,10160
583470825974267905,10158,22,SFTP,10156
583470825974267906,10157,22,SSH,10156
583470826007822337,11145,3389,RDP,11144
583470826037182465,10941,3389,RDP,10940
583470826074931201,10938,3389,RDP,10937
583470826104291329,10833,3389,RDP,10832
583470826133651457,10022,22,SFTP,10020
583470826133651458,10021,22,SSH,10020
583470826163011585,10010,22,SFTP,10008
583470826163011586,10009,22,SSH,10008
583470826196566017,9682,22,SFTP,9680
583470826196566018,9681,22,SSH,9680
583470826225926145,9426,22,SFTP,9424
583470826225926146,9425,22,SSH,9424
583470826259480577,8178,22,SFTP,8176
583470826259480578,8177,22,SSH,8176
583470826288840705,11043,3389,RDP,11042
583470826314006529,11040,3389,RDP,11039
583470826343366657,10914,3389,RDP,10913
583470826372726785,10911,3389,RDP,10910
583470826397892609,10330,22,SFTP,10328
583470826397892610,10329,22,SSH,10328
583470826431447041,10246,22,SFTP,10244
583470826431447042,10245,22,SSH,10244
583470826456612865,9842,22,SFTP,9840
583470826456612866,9841,22,SSH,9840
583470826481778689,9838,22,SFTP,9836
583470826481778690,9837,22,SSH,9836
583470826511138817,9834,22,SFTP,9832
583470826511138818,9833,22,SSH,9832
583470826536304641,9422,22,SFTP,9420
583470826536304642,9421,22,SSH,9420
583470826561470465,9118,22,SFTP,9116
583470826561470466,9117,22,SSH,9116
583470826586636289,8870,60022,HTTP,8869
583470826611802113,8867,60022,HTTP,8866
583470826641162241,9134,22,SFTP,9132
583470826641162242,9133,22,SSH,9132
583470826653745153,9942,22,SFTP,9940
583470826653745154,9941,22,SSH,9940
583470826678910977,9938,22,SFTP,9936
583470826678910978,9937,22,SSH,9936
583470826699882497,8011,22,SFTP,8009
583470826699882498,8010,22,SSH,8009
583470826729242625,8007,22,SFTP,8005
583470826729242626,8006,22,SSH,8005
583470826758602753,9558,22,SFTP,9556
583470826758602754,9557,22,SSH,9556
583470826783768577,9138,22,SFTP,9136
583470826783768578,9137,22,SSH,9136
583470826821517313,10851,3389,RDP,10850
583470826850877441,10848,3389,RDP,10847
583470826884431873,10845,3389,RDP,10844
583470826913792001,10842,3389,RDP,10841
583470826943152129,10839,3389,RDP,10838
583470826976706561,10174,22,SFTP,10172
583470826976706562,10173,22,SSH,10172
583470827006066689,9594,22,SFTP,9592
583470827006066690,9593,22,SSH,9592
583470827039621121,9590,22,SFTP,9588
583470827039621122,9589,22,SSH,9588
583470827073175553,9586,22,SFTP,9584
583470827073175554,9585,22,SSH,9584
583470827106729985,9038,22,SFTP,9036
583470827106729986,9037,22,SSH,9036
583470827136090113,10186,22,SFTP,10184
583470827136090114,10185,22,SSH,10184
583470827161255937,11070,3389,RDP,11069
583470827194810369,11031,3389,RDP,11030
583470827219976193,10860,3389,RDP,10859
583470827245142017,10857,3389,RDP,10856
583470827270307841,9630,22,SFTP,9628
583470827270307842,9629,22,SSH,9628
583470827299667969,10863,3389,RDP,10862
583470827324833793,10198,22,SFTP,10196
583470827324833794,10197,22,SSH,10196
583470827349999617,10190,22,SFTP,10188
583470827349999618,10189,22,SSH,10188
583470827375165441,9330,22,SFTP,9328
583470827375165442,9329,22,SSH,9328
583470827400331265,9326,22,SFTP,9324
583470827400331266,9325,22,SSH,9324
583470827425497088,9322,22,SFTP,9320
583470827425497089,9321,22,SSH,9320
583470827450662913,9218,22,SFTP,9216
583470827450662914,9217,22,SSH,9216
583470827480023041,9214,22,SFTP,9212
583470827480023042,9213,22,SSH,9212
583470827500994561,9210,21,FTP,9208
583470827500994562,9209,22,SSH,9208
583470827530354689,9686,22,SFTP,9684
583470827530354690,9685,22,SSH,9684
583470827551326209,9698,22,SFTP,9696
583470827551326210,9697,22,SSH,9696
583470827572297729,10866,3389,RDP,10865
583470827593269249,10674,22,SFTP,10672
583470827593269250,10673,22,SSH,10672
583470827618435073,10670,22,SFTP,10668
583470827618435074,10669,22,SSH,10668
583470827643600897,10050,22,SFTP,10048
583470827643600898,10049,22,SSH,10048
583470827668766721,10046,22,SFTP,10044
583470827668766722,10045,22,SSH,10044
583470827702321153,10042,22,SFTP,10040
583470827702321154,10041,22,SSH,10040
583470827727486977,10038,22,SFTP,10036
583470827727486978,10037,22,SSH,10036
583470827765235713,10953,3389,RDP,10952
583470827782012929,10950,3389,RDP,10949
583470827819761665,10947,3389,RDP,10946
583470827844927489,10881,3389,RDP,10880
583470827874287617,9890,22,SFTP,9888
583470827874287618,9889,22,SSH,9888
583470827903647745,9886,22,SFTP,9884
583470827903647746,9885,22,SSH,9884
583470827928813569,9882,22,SFTP,9880
583470827928813570,9881,22,SSH,9880
583470827958173697,9142,22,SFTP,9140
583470827958173698,9141,22,SSH,9140
583470827983339521,7995,22,SFTP,7993
583470827983339522,7994,22,SSH,7993
583470828012699649,7991,22,SFTP,7989
583470828012699650,7990,22,SSH,7989
583470828037865473,7871,22,SFTP,7869
583470828037865474,7870,22,SSH,7869
583470828067225601,7867,22,SFTP,7865
583470828067225602,7866,22,SSH,7865
583470828100780033,10746,22,SFTP,10744
583470828100780034,10745,22,SSH,10744
583470828130140161,10742,22,SFTP,10740
583470828130140162,10741,22,SSH,10740
583470828159500289,10578,22,SFTP,10576
583470828159500290,10577,22,SSH,10576
583470828188860417,10574,22,SFTP,10572
583470828188860418,10573,22,SSH,10572
583470828218220545,9046,22,SFTP,9044
583470828218220546,9045,22,SSH,9044
583470828243386369,9042,22,SFTP,9040
583470828243386370,9041,22,SSH,9040
583470828272746497,10378,22,SFTP,10376
583470828272746498,10377,22,SSH,10376
583470828302106625,10374,22,SFTP,10372
583470828302106626,10373,22,SSH,10372
583470828335661056,10370,22,SFTP,10368
583470828335661057,10369,22,SSH,10368
583470828360826881,10366,22,SFTP,10364
583470828360826882,10365,22,SSH,10364
583470828390187009,7931,22,SFTP,7929
583470828390187010,7930,22,SSH,7929
583470828415352833,7927,22,SFTP,7925
583470828415352834,7926,22,SSH,7925
583470828436324353,10929,3389,RDP,10928
583470828461490177,10926,3389,RDP,10925
583470828482461697,10923,3389,RDP,10922
583470828503433217,9354,22,SFTP,9352
583470828503433218,9353,22,SSH,9352
583470828524404737,9298,22,SFTP,9296
583470828524404738,9297,22,SSH,9296
583470828549570561,9266,22,SFTP,9264
583470828549570562,9265,22,SSH,9264
583470828566347777,9262,22,SFTP,9260
583470828566347778,9261,22,SSH,9260
583470828591513601,9258,22,SFTP,9256
583470828591513602,9257,22,SSH,9256
583470828620873729,9162,22,SFTP,9160
583470828620873730,9161,22,SSH,9160
583470828650233857,9158,22,SFTP,9156
583470828650233858,9157,22,SSH,9156
583470828675399681,9154,22,SFTP,9152
583470828675399682,9153,22,SSH,9152
583470828708954113,9114,22,SFTP,9112
583470828708954114,9113,22,SSH,9112
583470828729925633,9110,22,SFTP,9108
583470828729925634,9109,22,SSH,9108
583470828759285761,10935,3389,RDP,10934
583470828776062977,10932,3389,RDP,10931
583470828797034497,10398,22,SFTP,10396
583470828797034498,10397,22,SSH,10396
583470828830588929,10394,22,SFTP,10392
583470828830588930,10393,22,SSH,10392
583470828864143361,9270,22,SFTP,9268
583470828864143362,9269,22,SSH,9268
583470828906086401,9130,22,SFTP,9128
583470828906086402,9129,22,SSH,9128
583470828931252225,9126,22,SFTP,9124
583470828931252226,9125,22,SSH,9124
583470828960612353,8210,22,SFTP,8208
583470828960612354,8209,22,SSH,8208
583470829036109825,8206,22,SFTP,8204
583470829036109826,8205,22,SSH,8204
583470829073858561,8174,22,SFTP,8172
583470829073858562,8173,22,SSH,8172
583470829111607297,7975,22,SFTP,7973
583470829111607298,7974,22,SSH,7973
583470829157744641,7971,22,SFTP,7969
583470829157744642,7970,22,SSH,7969
583470829187104769,7967,22,SFTP,7965
583470829187104770,7966,22,SSH,7965
583470829212270593,11058,3389,RDP,11057
583470829233242113,10971,3389,RDP,10970
583470829258407937,10454,22,SFTP,10452
583470829258407938,10453,22,SSH,10452
583470829283573760,10450,22,SFTP,10448
583470829283573761,10449,22,SSH,10448
583470829304545281,9946,22,SFTP,9944
583470829304545282,9945,22,SSH,9944
583470829325516801,9846,22,SFTP,9844
583470829325516802,9845,22,SSH,9844
583470829338099713,8022,22,SSH,8021
583470829359071233,7987,22,SFTP,7985
583470829359071234,7986,22,SSH,7985
583470829384237057,9250,22,SFTP,9248
583470829384237058,9249,22,SSH,9248
583470829405208577,9150,22,SFTP,9148
583470829405208578,9149,22,SSH,9148
583470829426180097,9146,22,SFTP,9144
583470829426180098,9145,22,SSH,9144
583470829447151617,10614,22,SFTP,10612
583470829447151618,10613,22,SSH,10612
583470829472317441,10610,22,SFTP,10608
583470829472317442,10609,22,SSH,10608
583470829497483265,9254,22,SFTP,9252
583470829497483266,9253,22,SSH,9252
583470829526843393,11106,3389,RDP,11105
583470829552009217,10738,22,SFTP,10736
583470829552009218,10737,22,SSH,10736
583470829581369345,10806,22,SFTP,10804
583470829581369346,10805,22,SSH,10804
583470829623312385,10802,22,SFTP,10800
583470829623312386,10801,22,SSH,10800
583470829661061121,9018,22,SFTP,9016
583470829661061122,9017,22,SSH,9016
583470829698809857,7811,22,SFTP,7809
583470829698809858,7810,22,SSH,7809
583470829728169985,10250,22,SFTP,10248
583470829728169986,10249,22,SSH,10248
583470829761724417,11076,3389,RDP,11075
583470829799473153,11061,3389,RDP,11060
583470829828833281,11130,3389,RDP,11129
583470829862387713,11127,3389,RDP,11126
583470829895942145,11124,3389,RDP,11123
583470829925302273,11121,3389,RDP,11120
583470829954662401,11118,3389,RDP,11117
583470829992411137,9706,22,SFTP,9704
583470829992411138,9705,22,SSH,9704
583470830046937088,9702,22,SFTP,9700
583470830046937089,9701,22,SSH,9700
583470830084685825,10362,22,SFTP,10360
583470830084685826,10361,22,SSH,10360
583470830118240257,10358,22,SFTP,10356
583470830118240258,10357,22,SSH,10356
583470830155988993,10354,22,SFTP,10352
583470830155988994,10353,22,SSH,10352
583470830193737729,10350,22,SFTP,10348
583470830193737730,10349,22,SSH,10348
583470830231486465,9234,22,SFTP,9232
583470830231486466,9233,22,SSH,9232
583470830273429505,9230,22,SFTP,9228
583470830273429506,9229,22,SSH,9228
583470830311178241,9738,22,SFTP,9736
583470830311178242,9737,22,SSH,9736
583470830344732673,9734,22,SFTP,9732
583470830344732674,9733,22,SSH,9732
583470830378287105,9730,22,SFTP,9728
583470830378287106,9729,22,SSH,9728
583470830416035841,9726,22,SFTP,9724
583470830416035842,9725,22,SSH,9724
583470830457978881,9358,22,SFTP,9356
583470830457978882,9357,22,SSH,9356
583470830495727617,9334,22,SFTP,9332
583470830495727618,9333,22,SSH,9332
583470830533476353,9310,22,SFTP,9308
583470830533476354,9309,22,SSH,9308
583470830588002305,9306,22,SFTP,9304
583470830588002306,9305,22,SSH,9304
583470830629945345,9302,22,SFTP,9300
583470830629945346,9301,22,SSH,9300
583470830697054209,8970,22,SFTP,8968
583470830697054210,8969,22,SSH,8968
583470830734802945,10278,22,SFTP,10276
583470830734802946,10277,22,SSH,10276
583470830768357377,11037,3389,RDP,11036
583470830797717505,11034,3389,RDP,11033
